Stock,Buy date,Buy price,Entry rank,Risk-adj score,6m return % at entry,Volatility %/yr at entry,5y return %,WHY PICKED,Initial SL,SL path,Peak price,Final SL,Sell date,Sell price,Exit trigger,WHY EXITED,Return %
MERCK,2019-01-25,3213.7,8,20.21,42.0,33.0,474.0,"Rank #8 of 285 by 6m-return/volatility | 6m +42%, vol ~33%/yr, 5y +474%",2635.2,-18%,3369.0,2635.2,2019-02-26,2906.6,RANK_DROP,Dropped out of top-25 (momentum faded); sold at close 2907,-10.2
ICICIBANK,2019-01-25,331.1,9,19.99,34.0,27.0,56.0,"Rank #9 of 285 by 6m-return/volatility | 6m +34%, vol ~27%/yr, 5y +56% (not over-extended)",271.5,-18%,349.1,271.5,2019-02-26,322.7,RANK_DROP,Dropped out of top-25 (momentum faded); sold at close 323,-3.1
APOLLOHOSP,2019-01-25,1292.3,13,18.63,39.0,33.0,36.0,"Rank #13 of 285 by 6m-return/volatility | 6m +39%, vol ~33%/yr, 5y +36% (not over-extended)",1059.7,-18%,1357.9,1059.7,2019-02-26,1157.3,RANK_DROP,Dropped out of top-25 (momentum faded); sold at close 1157,-11.0
TORNTPHARM,2019-01-25,926.0,19,17.57,31.0,28.0,292.0,"Rank #19 of 285 by 6m-return/volatility | 6m +31%, vol ~28%/yr, 5y +292%",759.4,-18%,942.1,759.4,2019-02-26,901.4,RANK_DROP,Dropped out of top-25 (momentum faded); sold at close 901,-3.3
HAVELLS,2019-01-25,778.9,23,17.12,26.0,24.0,310.0,"Rank #23 of 285 by 6m-return/volatility | 6m +26%, vol ~24%/yr, 5y +310%",638.7,-18%,829.6,638.7,2019-02-26,763.7,RANK_DROP,Dropped out of top-25 (momentum faded); sold at close 764,-2.6
HDIL,2019-01-25,26.3,18,17.67,54.0,49.0,-48.0,"Rank #18 of 285 by 6m-return/volatility | 6m +54%, vol ~49%/yr, 5y -48% (not over-extended)",21.6,-18%,27.5,21.6,2019-02-05,21.6,STOP_LOSS,"Stop-loss hit at 22; had peaked +4%, SL trailed to 22",-18.6
UBL,2019-01-25,1487.5,10,19.48,33.0,27.0,86.0,"Rank #10 of 285 by 6m-return/volatility | 6m +33%, vol ~27%/yr, 5y +86% (not over-extended)",1219.8,-18%,1531.4,1219.8,2019-02-26,1389.4,RANK_DROP,Dropped out of top-25 (momentum faded); sold at close 1389,-7.2
AUROPHARMA,2019-01-25,824.9,14,18.13,35.0,30.0,276.0,"Rank #14 of 285 by 6m-return/volatility | 6m +35%, vol ~30%/yr, 5y +276%",676.4,-18%,844.6,676.4,2019-02-26,754.7,RANK_DROP,Dropped out of top-25 (momentum faded); sold at close 755,-9.1
JKPAPER,2019-01-25,135.6,17,17.88,39.0,34.0,376.0,"Rank #17 of 285 by 6m-return/volatility | 6m +39%, vol ~34%/yr, 5y +376%",111.2,-18%,135.6,111.2,2019-02-26,121.4,RANK_DROP,Dropped out of top-25 (momentum faded); sold at close 121,-11.0
AARTIIND,2019-01-25,373.8,20,17.36,27.0,25.0,1451.0,"Rank #20 of 285 by 6m-return/volatility | 6m +27%, vol ~25%/yr, 5y +1451%",306.5,-18% ->BE@+15%,436.7,373.8,2019-02-11,373.8,STOP_LOSS,"Stop-loss hit at 374; had peaked +17%, SL trailed to 374",-0.6
IBVENTURES,2019-01-25,265.6,16,18.01,54.0,48.0,n/a,"Rank #16 of 285 by 6m-return/volatility | 6m +54%, vol ~48%/yr",217.8,-18%,265.6,217.8,2019-01-29,217.8,STOP_LOSS,"Stop-loss hit at 218; had peaked +0%, SL trailed to 218",-18.6
STAR,2019-01-25,230.7,15,18.09,50.0,44.0,42.0,"Rank #15 of 285 by 6m-return/volatility | 6m +50%, vol ~44%/yr, 5y +42% (not over-extended)",189.2,-18%,241.6,189.2,2019-02-05,189.2,STOP_LOSS,"Stop-loss hit at 189; had peaked +5%, SL trailed to 189",-18.6
PRAJIND,2019-01-25,88.7,24,16.8,57.0,53.0,168.0,"Rank #24 of 285 by 6m-return/volatility | 6m +57%, vol ~53%/yr, 5y +168% (not over-extended)",72.8,-18% ->BE@+15% ->20%-trail,122.8,98.2,2019-04-01,113.0,RANK_DROP,Dropped out of top-25 (momentum faded); sold at close 113,26.7
ABFRL,2019-01-25,69.2,5,25.33,48.0,30.0,n/a,"Rank #5 of 285 by 6m-return/volatility | 6m +48%, vol ~30%/yr",56.8,-18% ->BE@+15%,81.9,69.2,2019-04-01,77.5,RANK_DROP,Dropped out of top-25 (momentum faded); sold at close 78,11.4
PVR,2019-01-25,1561.8,7,23.17,36.0,24.0,141.0,"Rank #7 of 285 by 6m-return/volatility | 6m +36%, vol ~24%/yr, 5y +141% (not over-extended)",1280.7,-18%,1708.7,1280.7,2019-04-01,1650.6,RANK_DROP,Dropped out of top-25 (momentum faded); sold at close 1651,5.1
IOLCP,2019-01-25,38.5,2,38.17,128.0,53.0,411.0,"Rank #2 of 285 by 6m-return/volatility | 6m +128%, vol ~53%/yr, 5y +411%",31.5,-18%,38.5,31.5,2019-01-28,31.5,STOP_LOSS,"Stop-loss hit at 32; had peaked +0%, SL trailed to 32",-18.6
DRREDDY,2019-01-25,520.6,21,17.3,30.0,28.0,6.0,"Rank #21 of 285 by 6m-return/volatility | 6m +30%, vol ~28%/yr, 5y +6% (not over-extended)",426.9,-18%,560.6,426.9,2019-02-15,426.9,STOP_LOSS,"Stop-loss hit at 427; had peaked +8%, SL trailed to 427",-18.6
SRF,2019-01-25,388.2,22,17.17,33.0,30.0,824.0,"Rank #22 of 285 by 6m-return/volatility | 6m +33%, vol ~30%/yr, 5y +824%",318.3,-18% ->BE@+15%,463.3,388.2,2019-04-01,441.3,RANK_DROP,Dropped out of top-25 (momentum faded); sold at close 441,13.1
CGCL,2019-01-25,36.7,3,30.0,69.0,37.0,384.0,"Rank #3 of 285 by 6m-return/volatility | 6m +69%, vol ~37%/yr, 5y +384%",30.1,-18% ->BE@+15% ->20%-trail,54.8,43.8,2019-05-07,48.5,RANK_DROP,Dropped out of top-25 (momentum faded); sold at close 48,31.6
DHAMPURSUG,2019-01-25,105.3,1,38.54,122.0,50.0,461.0,"Rank #1 of 285 by 6m-return/volatility | 6m +122%, vol ~50%/yr, 5y +461%",86.3,-18% ->BE@+15% ->20%-trail,161.6,129.3,2019-05-07,141.0,RANK_DROP,Dropped out of top-25 (momentum faded); sold at close 141,33.3
BALRAMCHIN,2019-01-25,97.8,6,24.53,62.0,40.0,132.0,"Rank #6 of 285 by 6m-return/volatility | 6m +62%, vol ~40%/yr, 5y +132% (not over-extended)",80.2,-18% ->BE@+15% ->20%-trail,149.9,119.9,2019-05-07,136.1,RANK_DROP,Dropped out of top-25 (momentum faded); sold at close 136,38.6
ADANIPOWER,2019-01-25,6.2,4,28.44,99.0,55.0,26.0,"Rank #4 of 285 by 6m-return/volatility | 6m +99%, vol ~55%/yr, 5y +26% (not over-extended)",5.1,-18%,6.2,5.1,2019-01-28,5.1,STOP_LOSS,"Stop-loss hit at 5; had peaked +0%, SL trailed to 5",-18.6
UPL,2019-01-25,488.6,12,19.07,37.0,31.0,283.0,"Rank #12 of 285 by 6m-return/volatility | 6m +37%, vol ~31%/yr, 5y +283%",400.6,-18% ->BE@+15% ->20%-trail,677.1,541.7,2019-06-20,541.7,STOP_LOSS,"Stop-loss hit at 542; had peaked +39%, SL trailed to 542",10.3
MUTHOOTFIN,2019-01-25,471.1,25,16.4,37.0,36.0,346.0,"Rank #25 of 285 by 6m-return/volatility | 6m +37%, vol ~36%/yr, 5y +346%",386.3,-18% ->BE@+15%,578.5,471.1,2019-07-09,541.5,RANK_DROP,Dropped out of top-25 (momentum faded); sold at close 542,14.4
BATAINDIA,2019-01-25,1193.9,11,19.26,33.0,28.0,105.0,"Rank #11 of 285 by 6m-return/volatility | 6m +33%, vol ~28%/yr, 5y +105% (not over-extended)",979.0,-18% ->BE@+15% ->20%-trail,1677.8,1342.2,2019-09-13,1663.0,RANK_DROP,Dropped out of top-25 (momentum faded); sold at close 1663,38.7
DIVISLAB,2019-02-26,1621.4,7,15.95,25.0,25.0,149.0,"Rank #7 of 288 by 6m-return/volatility | 6m +25%, vol ~25%/yr, 5y +149% (not over-extended)",1329.6,-18%,1775.0,1329.6,2019-04-01,1723.3,RANK_DROP,Dropped out of top-25 (momentum faded); sold at close 1723,5.7
RECLTD,2019-02-26,127.8,19,7.65,20.0,42.0,56.0,"Rank #19 of 288 by 6m-return/volatility | 6m +20%, vol ~42%/yr, 5y +56% (not over-extended)",104.8,-18% ->BE@+15%,152.1,127.8,2019-04-01,138.3,RANK_DROP,Dropped out of top-25 (momentum faded); sold at close 138,7.7
TECHM,2019-02-26,833.3,16,9.02,15.0,26.0,94.0,"Rank #16 of 288 by 6m-return/volatility | 6m +15%, vol ~26%/yr, 5y +94% (not over-extended)",683.3,-18%,838.4,683.3,2019-04-01,785.5,RANK_DROP,Dropped out of top-25 (momentum faded); sold at close 786,-6.3
ICICIGI,2019-02-26,901.5,15,9.24,19.0,33.0,n/a,"Rank #15 of 288 by 6m-return/volatility | 6m +19%, vol ~33%/yr",739.3,-18% ->BE@+15%,1045.0,901.5,2019-04-01,1015.3,RANK_DROP,Dropped out of top-25 (momentum faded); sold at close 1015,12.0
AXISBANK,2019-02-26,686.9,18,8.12,12.0,24.0,190.0,"Rank #18 of 288 by 6m-return/volatility | 6m +12%, vol ~24%/yr, 5y +190% (not over-extended)",563.3,-18%,761.9,563.3,2019-04-01,740.6,RANK_DROP,Dropped out of top-25 (momentum faded); sold at close 741,7.2
INDHOTEL,2019-02-26,151.6,23,5.92,11.0,28.0,142.0,"Rank #23 of 288 by 6m-return/volatility | 6m +11%, vol ~28%/yr, 5y +142% (not over-extended)",124.4,-18%,171.8,124.4,2019-04-01,167.9,RANK_DROP,Dropped out of top-25 (momentum faded); sold at close 168,10.1
WIPRO,2019-02-26,193.4,4,19.98,34.0,27.0,38.0,"Rank #4 of 288 by 6m-return/volatility | 6m +34%, vol ~27%/yr, 5y +38% (not over-extended)",158.6,-18%,193.4,158.6,2019-03-06,136.9,STOP_LOSS,"Stop-loss hit at 137; had peaked +0%, SL trailed to 159",-29.8
PFC,2019-02-26,104.6,8,13.32,40.0,48.0,72.0,"Rank #8 of 288 by 6m-return/volatility | 6m +40%, vol ~48%/yr, 5y +72% (not over-extended)",85.7,-18%,116.0,85.7,2019-05-07,103.3,RANK_DROP,Dropped out of top-25 (momentum faded); sold at close 103,-1.9
TITAN,2019-02-26,1038.3,13,10.49,14.0,21.0,400.0,"Rank #13 of 288 by 6m-return/volatility | 6m +14%, vol ~21%/yr, 5y +400%",851.4,-18% ->BE@+15%,1340.9,1038.3,2019-07-09,1098.9,RANK_DROP,Dropped out of top-25 (momentum faded); sold at close 1099,5.2
KAJARIACER,2019-02-26,522.6,21,6.62,11.0,27.0,243.0,"Rank #21 of 288 by 6m-return/volatility | 6m +11%, vol ~27%/yr, 5y +243%",428.5,-18% ->BE@+15%,630.0,522.6,2019-07-09,549.1,RANK_DROP,Dropped out of top-25 (momentum faded); sold at close 549,4.5
MANAPPURAM,2019-02-26,107.2,24,5.48,13.0,37.0,470.0,"Rank #24 of 288 by 6m-return/volatility | 6m +13%, vol ~37%/yr, 5y +470%",87.9,-18% ->BE@+15%,137.4,107.2,2019-07-26,107.2,STOP_LOSS,"Stop-loss hit at 107; had peaked +28%, SL trailed to 107",-0.6
PIIND,2019-02-26,851.4,10,11.85,17.0,23.0,275.0,"Rank #10 of 288 by 6m-return/volatility | 6m +17%, vol ~23%/yr, 5y +275%",698.1,-18% ->BE@+15% ->20%-trail,1376.8,1101.5,2019-11-21,1335.7,RANK_DROP,Dropped out of top-25 (momentum faded); sold at close 1336,56.3
PNB,2019-04-01,97.5,24,19.44,45.0,37.0,-41.0,"Rank #24 of 340 by 6m-return/volatility | 6m +45%, vol ~37%/yr, 5y -41% (not over-extended)",80.0,-18%,99.8,80.0,2019-05-07,83.9,RANK_DROP,Dropped out of top-25 (momentum faded); sold at close 84,-14.5
INOXLEISUR,2019-04-01,325.4,17,22.42,44.0,31.0,216.0,"Rank #17 of 340 by 6m-return/volatility | 6m +44%, vol ~31%/yr, 5y +216%",266.8,-18%,333.0,266.8,2019-05-07,304.0,RANK_DROP,Dropped out of top-25 (momentum faded); sold at close 304,-7.2
BAJFINANCE,2019-04-01,301.7,25,18.95,30.0,25.0,1634.0,"Rank #25 of 340 by 6m-return/volatility | 6m +30%, vol ~25%/yr, 5y +1634%",247.4,-18%,318.2,247.4,2019-05-07,303.3,RANK_DROP,Dropped out of top-25 (momentum faded); sold at close 303,-0.1
ORIENTBANK,2019-04-01,109.1,8,28.13,67.0,38.0,-34.0,"Rank #8 of 340 by 6m-return/volatility | 6m +67%, vol ~38%/yr, 5y -34% (not over-extended)",89.5,-18%,113.3,89.5,2019-05-07,89.5,STOP_LOSS,"Stop-loss hit at 89; had peaked +4%, SL trailed to 89",-18.6
FEDERALBNK,2019-04-01,91.5,21,20.52,37.0,29.0,137.0,"Rank #21 of 340 by 6m-return/volatility | 6m +37%, vol ~29%/yr, 5y +137% (not over-extended)",75.1,-18%,95.6,75.1,2019-05-07,92.1,RANK_DROP,Dropped out of top-25 (momentum faded); sold at close 92,0.0
BANKBEES,2019-04-01,298.4,12,26.01,20.0,12.0,178.0,"Rank #12 of 340 by 6m-return/volatility | 6m +20%, vol ~12%/yr, 5y +178% (not over-extended)",244.7,-18%,301.0,244.7,2019-05-07,287.6,RANK_DROP,Dropped out of top-25 (momentum faded); sold at close 288,-4.2
GODFRYPHLP,2019-04-01,427.2,16,23.0,53.0,37.0,76.0,"Rank #16 of 340 by 6m-return/volatility | 6m +53%, vol ~37%/yr, 5y +76% (not over-extended)",350.3,-18%,444.7,350.3,2019-05-07,377.6,RANK_DROP,Dropped out of top-25 (momentum faded); sold at close 378,-12.2
BEML,2019-04-01,382.7,13,24.57,53.0,34.0,486.0,"Rank #13 of 340 by 6m-return/volatility | 6m +53%, vol ~34%/yr, 5y +486%",313.8,-18%,392.6,313.8,2019-05-08,313.8,STOP_LOSS,"Stop-loss hit at 314; had peaked +3%, SL trailed to 314",-18.6
HDFCBANK,2019-04-01,576.6,23,20.02,17.0,14.0,247.0,"Rank #23 of 340 by 6m-return/volatility | 6m +17%, vol ~14%/yr, 5y +247%",472.8,-18%,616.1,472.8,2019-06-07,610.5,RANK_DROP,Dropped out of top-25 (momentum faded); sold at close 611,5.3
IPCALAB,2019-04-01,433.7,15,23.01,39.0,27.0,9.0,"Rank #15 of 340 by 6m-return/volatility | 6m +39%, vol ~27%/yr, 5y +9% (not over-extended)",355.6,-18%,460.6,355.6,2019-06-07,418.4,RANK_DROP,Dropped out of top-25 (momentum faded); sold at close 418,-4.1
VAKRANGEE,2019-04-01,43.1,14,24.2,82.0,54.0,281.0,"Rank #14 of 340 by 6m-return/volatility | 6m +82%, vol ~54%/yr, 5y +281%",35.4,-18% ->BE@+15% ->20%-trail,59.9,47.9,2019-05-08,47.9,STOP_LOSS,"Stop-loss hit at 48; had peaked +39%, SL trailed to 48",10.4
DCBBANK,2019-04-01,183.6,18,21.78,32.0,23.0,262.0,"Rank #18 of 340 by 6m-return/volatility | 6m +32%, vol ~23%/yr, 5y +262%",150.5,-18% ->BE@+15%,221.7,183.6,2019-07-17,183.6,STOP_LOSS,"Stop-loss hit at 184; had peaked +21%, SL trailed to 184",-0.6
INDIGO,2019-04-01,1471.9,7,28.59,66.0,37.0,n/a,"Rank #7 of 340 by 6m-return/volatility | 6m +66%, vol ~37%/yr",1206.9,-18% ->BE@+15%,1714.1,1471.9,2019-05-17,1471.9,STOP_LOSS,"Stop-loss hit at 1472; had peaked +16%, SL trailed to 1472",-0.6
PCJEWELLER,2019-05-07,12.6,11,25.68,127.0,79.0,40.0,"Rank #11 of 300 by 6m-return/volatility | 6m +127%, vol ~79%/yr, 5y +40% (not over-extended)",10.3,-18%,13.5,10.3,2019-05-17,10.3,STOP_LOSS,"Stop-loss hit at 10; had peaked +8%, SL trailed to 10",-18.6
MINDTREE,2019-05-07,980.0,24,20.23,25.0,19.0,203.0,"Rank #24 of 300 by 6m-return/volatility | 6m +25%, vol ~19%/yr, 5y +203%",803.6,-18%,990.0,803.6,2019-06-07,969.5,RANK_DROP,Dropped out of top-25 (momentum faded); sold at close 970,-1.7
FLFL,2019-05-07,90.6,7,26.49,33.0,20.0,664.0,"Rank #7 of 300 by 6m-return/volatility | 6m +33%, vol ~20%/yr, 5y +664%",74.3,-18%,92.2,74.3,2019-06-07,83.9,RANK_DROP,Dropped out of top-25 (momentum faded); sold at close 84,-8.0
BANDHANBNK,2019-05-07,790.8,6,26.76,54.0,32.0,n/a,"Rank #6 of 300 by 6m-return/volatility | 6m +54%, vol ~32%/yr",648.4,-18%,843.1,648.4,2019-06-07,748.5,RANK_DROP,Dropped out of top-25 (momentum faded); sold at close 748,-5.9
PVR,2019-05-07,1780.1,25,19.65,33.0,27.0,228.0,"Rank #25 of 300 by 6m-return/volatility | 6m +33%, vol ~27%/yr, 5y +228%",1459.7,-18%,1830.0,1459.7,2019-06-07,1754.1,RANK_DROP,Dropped out of top-25 (momentum faded); sold at close 1754,-2.1
63MOONS,2019-05-07,56.8,12,25.32,122.0,76.0,n/a,"Rank #12 of 300 by 6m-return/volatility | 6m +122%, vol ~76%/yr",46.6,-18%,62.9,46.6,2019-05-23,46.6,STOP_LOSS,"Stop-loss hit at 47; had peaked +11%, SL trailed to 47",-18.6
SHREECEM,2019-05-07,19766.6,4,33.35,46.0,22.0,256.0,"Rank #4 of 300 by 6m-return/volatility | 6m +46%, vol ~22%/yr, 5y +256%",16208.6,-18%,22080.0,16208.6,2019-06-07,20739.2,RANK_DROP,Dropped out of top-25 (momentum faded); sold at close 20739,4.3
UJJIVAN,2019-05-07,297.2,22,20.84,55.0,42.0,n/a,"Rank #22 of 300 by 6m-return/volatility | 6m +55%, vol ~42%/yr",243.7,-18% ->BE@+15%,355.0,297.2,2019-06-20,297.2,STOP_LOSS,"Stop-loss hit at 297; had peaked +19%, SL trailed to 297",-0.6
BAJAJFINSV,2019-05-07,746.3,5,29.65,40.0,22.0,869.0,"Rank #5 of 300 by 6m-return/volatility | 6m +40%, vol ~22%/yr, 5y +869%",612.0,-18%,846.8,612.0,2019-07-09,775.3,RANK_DROP,Dropped out of top-25 (momentum faded); sold at close 775,3.3
SUNTECK,2019-05-07,446.4,15,23.03,43.0,30.0,216.0,"Rank #15 of 300 by 6m-return/volatility | 6m +43%, vol ~30%/yr, 5y +216%",366.1,-18%,507.7,366.1,2019-07-31,366.1,STOP_LOSS,"Stop-loss hit at 366; had peaked +14%, SL trailed to 366",-18.6
AXISBANK,2019-05-07,717.6,16,22.17,32.0,23.0,140.0,"Rank #16 of 300 by 6m-return/volatility | 6m +32%, vol ~23%/yr, 5y +140% (not over-extended)",588.4,-18%,800.7,588.4,2019-08-08,638.5,RANK_DROP,Dropped out of top-25 (momentum faded); sold at close 639,-11.6
KOTAKBANK,2019-05-07,278.0,21,21.3,25.0,19.0,258.0,"Rank #21 of 300 by 6m-return/volatility | 6m +25%, vol ~19%/yr, 5y +258%",227.9,-18% ->BE@+15%,332.4,278.0,2019-10-17,316.8,RANK_DROP,Dropped out of top-25 (momentum faded); sold at close 317,13.3
CUB,2019-06-07,202.9,14,21.19,26.0,20.0,235.0,"Rank #14 of 310 by 6m-return/volatility | 6m +26%, vol ~20%/yr, 5y +235%",166.4,-18%,207.3,166.4,2019-07-09,187.7,RANK_DROP,Dropped out of top-25 (momentum faded); sold at close 188,-8.1
INOXLEISUR,2019-06-07,348.4,8,24.27,60.0,39.0,212.0,"Rank #8 of 310 by 6m-return/volatility | 6m +60%, vol ~39%/yr, 5y +212%",285.7,-18%,351.8,285.7,2019-07-09,318.3,RANK_DROP,Dropped out of top-25 (momentum faded); sold at close 318,-9.2
KALPATPOWR,2019-06-07,512.2,25,18.27,38.0,33.0,291.0,"Rank #25 of 310 by 6m-return/volatility | 6m +38%, vol ~33%/yr, 5y +291%",420.0,-18%,572.7,420.0,2019-07-09,500.7,RANK_DROP,Dropped out of top-25 (momentum faded); sold at close 501,-2.8
ICICIGI,2019-06-07,1191.7,12,22.04,39.0,28.0,n/a,"Rank #12 of 310 by 6m-return/volatility | 6m +39%, vol ~28%/yr",977.2,-18%,1236.8,977.2,2019-07-09,1075.4,RANK_DROP,Dropped out of top-25 (momentum faded); sold at close 1075,-10.4
AAVAS,2019-06-07,1413.8,1,33.8,81.0,38.0,n/a,"Rank #1 of 310 by 6m-return/volatility | 6m +81%, vol ~38%/yr",1159.3,-18%,1563.5,1159.3,2019-08-08,1520.3,RANK_DROP,Dropped out of top-25 (momentum faded); sold at close 1520,6.9
JKCEMENT,2019-06-07,980.3,13,21.42,44.0,32.0,313.0,"Rank #13 of 310 by 6m-return/volatility | 6m +44%, vol ~32%/yr, 5y +313%",803.9,-18%,1004.9,803.9,2019-08-08,931.2,RANK_DROP,Dropped out of top-25 (momentum faded); sold at close 931,-5.6
BAJFINANCE,2019-06-07,352.8,11,23.05,40.0,27.0,1595.0,"Rank #11 of 310 by 6m-return/volatility | 6m +40%, vol ~27%/yr, 5y +1595%",289.3,-18%,378.2,289.3,2019-08-08,335.2,RANK_DROP,Dropped out of top-25 (momentum faded); sold at close 335,-5.6
NIITTECH,2019-06-07,1277.5,16,20.85,20.0,15.0,229.0,"Rank #16 of 310 by 6m-return/volatility | 6m +20%, vol ~15%/yr, 5y +229%",1047.6,-18%,1311.9,1047.6,2019-08-08,1233.1,RANK_DROP,Dropped out of top-25 (momentum faded); sold at close 1233,-4.1
BALRAMCHIN,2019-06-07,144.8,24,18.52,50.0,43.0,166.0,"Rank #24 of 310 by 6m-return/volatility | 6m +50%, vol ~43%/yr, 5y +166% (not over-extended)",118.7,-18%,156.8,118.7,2019-08-08,118.7,STOP_LOSS,"Stop-loss hit at 119; had peaked +8%, SL trailed to 119",-18.6
ADANIGAS,2019-06-07,169.9,20,20.2,74.0,58.0,n/a,"Rank #20 of 310 by 6m-return/volatility | 6m +74%, vol ~58%/yr",139.3,-18%,181.0,139.3,2019-08-30,139.3,STOP_LOSS,"Stop-loss hit at 139; had peaked +7%, SL trailed to 139",-18.6
SRF,2019-06-07,537.6,21,20.0,34.0,27.0,640.0,"Rank #21 of 310 by 6m-return/volatility | 6m +34%, vol ~27%/yr, 5y +640%",440.8,-18%,577.0,440.8,2019-09-13,518.7,RANK_DROP,Dropped out of top-25 (momentum faded); sold at close 519,-4.1
DCMSHRIRAM,2019-07-09,547.4,7,19.45,64.0,53.0,315.0,"Rank #7 of 273 by 6m-return/volatility | 6m +64%, vol ~53%/yr, 5y +315%",448.9,-18%,556.1,448.9,2019-07-24,448.9,STOP_LOSS,"Stop-loss hit at 449; had peaked +2%, SL trailed to 449",-18.6
DEEPAKNTR,2019-07-09,289.7,14,16.91,37.0,34.0,223.0,"Rank #14 of 273 by 6m-return/volatility | 6m +37%, vol ~34%/yr, 5y +223%",237.5,-18%,307.3,237.5,2019-08-08,273.6,RANK_DROP,Dropped out of top-25 (momentum faded); sold at close 274,-6.1
NAUKRI,2019-07-09,414.3,9,18.97,49.0,41.0,197.0,"Rank #9 of 273 by 6m-return/volatility | 6m +49%, vol ~41%/yr, 5y +197% (not over-extended)",339.7,-18%,436.0,339.7,2019-08-08,405.3,RANK_DROP,Dropped out of top-25 (momentum faded); sold at close 405,-2.8
RAMCOCEM,2019-07-09,778.9,21,15.73,24.0,24.0,154.0,"Rank #21 of 273 by 6m-return/volatility | 6m +24%, vol ~24%/yr, 5y +154% (not over-extended)",638.7,-18%,794.0,638.7,2019-09-13,741.8,RANK_DROP,Dropped out of top-25 (momentum faded); sold at close 742,-5.4
IPCALAB,2019-07-09,424.2,22,15.08,21.0,22.0,15.0,"Rank #22 of 273 by 6m-return/volatility | 6m +21%, vol ~22%/yr, 5y +15% (not over-extended)",347.8,-18%,447.7,347.8,2019-09-13,420.5,RANK_DROP,Dropped out of top-25 (momentum faded); sold at close 420,-1.5
SHREECEM,2019-07-09,21205.8,16,16.67,25.0,24.0,204.0,"Rank #16 of 273 by 6m-return/volatility | 6m +25%, vol ~24%/yr, 5y +204%",17388.7,-18%,21765.0,17388.7,2019-09-04,17388.7,STOP_LOSS,"Stop-loss hit at 17389; had peaked +3%, SL trailed to 17389",-18.6
JUSTDIAL,2019-07-09,781.8,2,22.69,68.0,47.0,-38.0,"Rank #2 of 273 by 6m-return/volatility | 6m +68%, vol ~47%/yr, 5y -38% (not over-extended)",641.1,-18%,782.4,641.1,2019-08-13,641.1,STOP_LOSS,"Stop-loss hit at 641; had peaked +0%, SL trailed to 641",-18.6
RNAM,2019-07-09,225.5,6,20.66,44.0,34.0,n/a,"Rank #6 of 273 by 6m-return/volatility | 6m +44%, vol ~34%/yr",184.9,-18% ->BE@+15%,289.0,225.5,2019-09-17,225.5,STOP_LOSS,"Stop-loss hit at 226; had peaked +28%, SL trailed to 226",-0.6
HDFCAMC,2019-07-09,940.3,18,16.06,28.0,28.0,n/a,"Rank #18 of 273 by 6m-return/volatility | 6m +28%, vol ~28%/yr",771.0,-18% ->BE@+15% ->20%-trail,1857.2,1485.8,2019-12-09,1485.8,STOP_LOSS,"Stop-loss hit at 1486; had peaked +98%, SL trailed to 1486",57.4
SBILIFE,2019-07-09,681.9,17,16.35,26.0,26.0,n/a,"Rank #17 of 273 by 6m-return/volatility | 6m +26%, vol ~26%/yr",559.1,-18% ->BE@+15% ->20%-trail,925.4,740.3,2020-01-23,885.8,RANK_DROP,Dropped out of top-25 (momentum faded); sold at close 886,29.3
RAJESHEXPO,2019-08-08,707.6,24,11.95,15.0,20.0,320.0,"Rank #24 of 260 by 6m-return/volatility | 6m +15%, vol ~20%/yr, 5y +320%",580.3,-18%,779.4,580.3,2019-09-13,693.8,RANK_DROP,Dropped out of top-25 (momentum faded); sold at close 694,-2.6
INTELLECT,2019-08-08,201.9,13,15.69,32.0,33.0,n/a,"Rank #13 of 260 by 6m-return/volatility | 6m +32%, vol ~33%/yr",165.6,-18%,214.2,165.6,2019-09-13,208.1,RANK_DROP,Dropped out of top-25 (momentum faded); sold at close 208,2.5
MUTHOOTFIN,2019-08-08,559.9,20,13.42,27.0,31.0,240.0,"Rank #20 of 260 by 6m-return/volatility | 6m +27%, vol ~31%/yr, 5y +240%",459.1,-18%,577.7,459.1,2019-09-13,527.6,RANK_DROP,Dropped out of top-25 (momentum faded); sold at close 528,-6.4
ICICIGI,2019-08-08,1200.2,11,16.54,36.0,34.0,n/a,"Rank #11 of 260 by 6m-return/volatility | 6m +36%, vol ~34%/yr",984.2,-18%,1284.6,984.2,2019-09-13,1135.3,RANK_DROP,Dropped out of top-25 (momentum faded); sold at close 1135,-6.0
ULTRACEMCO,2019-08-08,3956.5,19,13.82,23.0,26.0,70.0,"Rank #19 of 260 by 6m-return/volatility | 6m +23%, vol ~26%/yr, 5y +70% (not over-extended)",3244.3,-18%,4097.2,3244.3,2019-09-13,3767.7,RANK_DROP,Dropped out of top-25 (momentum faded); sold at close 3768,-5.4
ADANIPOWER,2019-08-08,7.6,21,13.2,51.0,61.0,6.0,"Rank #21 of 260 by 6m-return/volatility | 6m +51%, vol ~61%/yr, 5y +6% (not over-extended)",6.2,-18%,8.3,6.2,2019-09-13,8.2,RANK_DROP,Dropped out of top-25 (momentum faded); sold at close 8,7.1
PIDILITIND,2019-08-08,651.4,23,12.58,19.0,23.0,304.0,"Rank #23 of 260 by 6m-return/volatility | 6m +19%, vol ~23%/yr, 5y +304%",534.2,-18%,732.1,534.2,2019-10-17,665.3,RANK_DROP,Dropped out of top-25 (momentum faded); sold at close 665,1.5
CANFINHOME,2019-08-08,368.6,3,22.81,55.0,38.0,339.0,"Rank #3 of 260 by 6m-return/volatility | 6m +55%, vol ~38%/yr, 5y +339%",302.2,-18%,409.1,302.2,2019-10-17,371.3,RANK_DROP,Dropped out of top-25 (momentum faded); sold at close 371,0.1
GSPL,2019-08-08,212.7,16,14.07,28.0,32.0,158.0,"Rank #16 of 260 by 6m-return/volatility | 6m +28%, vol ~32%/yr, 5y +158% (not over-extended)",174.4,-18%,223.0,174.4,2019-10-17,205.0,RANK_DROP,Dropped out of top-25 (momentum faded); sold at close 205,-4.2
TATAGLOBAL,2019-08-08,270.9,12,15.94,36.0,35.0,81.0,"Rank #12 of 260 by 6m-return/volatility | 6m +36%, vol ~35%/yr, 5y +81% (not over-extended)",222.1,-18% ->BE@+15%,330.0,270.9,2019-12-23,314.9,RANK_DROP,Dropped out of top-25 (momentum faded); sold at close 315,15.6
ICICIPRULI,2019-08-08,346.7,8,18.4,38.0,33.0,n/a,"Rank #8 of 260 by 6m-return/volatility | 6m +38%, vol ~33%/yr",284.3,-18% ->BE@+15% ->20%-trail,474.6,379.7,2020-01-23,448.4,RANK_DROP,Dropped out of top-25 (momentum faded); sold at close 448,28.8
HDFCLIFE,2019-08-08,506.7,4,22.21,39.0,28.0,n/a,"Rank #4 of 260 by 6m-return/volatility | 6m +39%, vol ~28%/yr",415.5,-18% ->BE@+15%,606.7,506.7,2020-01-23,578.2,RANK_DROP,Dropped out of top-25 (momentum faded); sold at close 578,13.5
VINATIORGA,2019-09-13,1070.9,7,18.61,41.0,35.0,503.0,"Rank #7 of 256 by 6m-return/volatility | 6m +41%, vol ~35%/yr, 5y +503%",878.1,-18%,1120.1,878.1,2019-10-17,1024.3,RANK_DROP,Dropped out of top-25 (momentum faded); sold at close 1024,-4.9
PRESTIGE,2019-09-13,307.3,3,22.1,51.0,36.0,28.0,"Rank #3 of 256 by 6m-return/volatility | 6m +51%, vol ~36%/yr, 5y +28% (not over-extended)",252.0,-18%,313.6,252.0,2019-10-17,284.9,RANK_DROP,Dropped out of top-25 (momentum faded); sold at close 285,-7.9
APOLLOHOSP,2019-09-13,1458.2,25,12.95,23.0,28.0,29.0,"Rank #25 of 256 by 6m-return/volatility | 6m +23%, vol ~28%/yr, 5y +29% (not over-extended)",1195.7,-18%,1519.0,1195.7,2019-10-17,1487.3,RANK_DROP,Dropped out of top-25 (momentum faded); sold at close 1487,1.4
GODREJPROP,2019-09-13,844.5,20,13.97,38.0,43.0,329.0,"Rank #20 of 256 by 6m-return/volatility | 6m +38%, vol ~43%/yr, 5y +329%",692.5,-18% ->BE@+15%,981.9,844.5,2019-10-01,844.5,STOP_LOSS,"Stop-loss hit at 845; had peaked +16%, SL trailed to 845",-0.6
AARTIIND,2019-09-13,411.0,19,14.93,30.0,32.0,691.0,"Rank #19 of 256 by 6m-return/volatility | 6m +30%, vol ~32%/yr, 5y +691%",337.0,-18%,441.3,337.0,2019-10-17,387.0,RANK_DROP,Dropped out of top-25 (momentum faded); sold at close 387,-6.4
MARICO,2019-09-13,382.2,24,13.36,13.0,16.0,198.0,"Rank #24 of 256 by 6m-return/volatility | 6m +13%, vol ~16%/yr, 5y +198% (not over-extended)",313.4,-18%,404.0,313.4,2019-10-17,387.5,RANK_DROP,Dropped out of top-25 (momentum faded); sold at close 388,0.8
TRENT,2019-09-13,326.4,8,18.03,37.0,32.0,293.0,"Rank #8 of 256 by 6m-return/volatility | 6m +37%, vol ~32%/yr, 5y +293%",267.6,-18% ->BE@+15%,407.2,326.4,2019-11-21,353.5,RANK_DROP,Dropped out of top-25 (momentum faded); sold at close 353,7.7
GOLDBEES,2019-09-13,3089.8,17,15.9,17.0,17.0,26.0,"Rank #17 of 256 by 6m-return/volatility | 6m +17%, vol ~17%/yr, 5y +26% (not over-extended)",2533.6,-18%,3316.1,2533.6,2019-11-21,3143.8,RANK_DROP,Dropped out of top-25 (momentum faded); sold at close 3144,1.1
LALPATHLAB,2019-09-13,659.8,23,13.61,31.0,36.0,n/a,"Rank #23 of 256 by 6m-return/volatility | 6m +31%, vol ~36%/yr",541.0,-18% ->BE@+15%,846.1,659.8,2019-12-23,725.5,RANK_DROP,Dropped out of top-25 (momentum faded); sold at close 726,9.4
NESTLEIND,2019-09-13,589.3,4,20.12,24.0,19.0,128.0,"Rank #4 of 256 by 6m-return/volatility | 6m +24%, vol ~19%/yr, 5y +128% (not over-extended)",483.3,-18% ->BE@+15% ->20%-trail,781.7,625.4,2020-02-25,760.8,RANK_DROP,Dropped out of top-25 (momentum faded); sold at close 761,28.5
BERGEPAINT,2019-09-13,383.5,6,19.83,23.0,18.0,126.0,"Rank #6 of 256 by 6m-return/volatility | 6m +23%, vol ~18%/yr, 5y +126% (not over-extended)",314.4,-18% ->BE@+15% ->20%-trail,621.5,497.2,2020-03-12,497.2,STOP_LOSS,"Stop-loss hit at 497; had peaked +62%, SL trailed to 497",29.1
ABBOTINDIA,2019-09-13,9833.2,2,23.13,35.0,24.0,351.0,"Rank #2 of 256 by 6m-return/volatility | 6m +35%, vol ~24%/yr, 5y +351%",8063.3,-18% ->BE@+15% ->20%-trail,16499.0,13199.2,2020-03-12,13199.2,STOP_LOSS,"Stop-loss hit at 13199; had peaked +68%, SL trailed to 13199",33.6
GSKCONS,2019-10-17,8912.0,13,17.86,27.0,24.0,74.0,"Rank #13 of 273 by 6m-return/volatility | 6m +27%, vol ~24%/yr, 5y +74% (not over-extended)",7307.9,-18%,9351.0,7307.9,2019-11-21,8812.5,RANK_DROP,Dropped out of top-25 (momentum faded); sold at close 8813,-1.7
COLPAL,2019-10-17,1530.4,22,13.51,25.0,30.0,95.0,"Rank #22 of 273 by 6m-return/volatility | 6m +25%, vol ~30%/yr, 5y +95% (not over-extended)",1254.9,-18%,1642.6,1254.9,2019-11-21,1512.1,RANK_DROP,Dropped out of top-25 (momentum faded); sold at close 1512,-1.8
BAJFINANCE,2019-10-17,412.8,24,12.8,36.0,44.0,1363.0,"Rank #24 of 273 by 6m-return/volatility | 6m +36%, vol ~44%/yr, 5y +1363%",338.5,-18%,430.2,338.5,2019-11-21,414.5,RANK_DROP,Dropped out of top-25 (momentum faded); sold at close 415,-0.2
BPCL,2019-10-17,252.1,17,15.15,46.0,48.0,130.0,"Rank #17 of 273 by 6m-return/volatility | 6m +46%, vol ~48%/yr, 5y +130% (not over-extended)",206.7,-18%,269.7,206.7,2019-11-21,252.5,RANK_DROP,Dropped out of top-25 (momentum faded); sold at close 253,-0.4
MCX,2019-10-17,172.6,23,13.02,37.0,45.0,14.0,"Rank #23 of 273 by 6m-return/volatility | 6m +37%, vol ~45%/yr, 5y +14% (not over-extended)",141.6,-18% ->BE@+15%,209.5,172.6,2019-11-21,196.8,RANK_DROP,Dropped out of top-25 (momentum faded); sold at close 197,13.4
BATAINDIA,2019-10-17,1855.1,19,14.33,25.0,28.0,155.0,"Rank #19 of 273 by 6m-return/volatility | 6m +25%, vol ~28%/yr, 5y +155% (not over-extended)",1521.2,-18%,1926.4,1521.2,2019-11-21,1740.1,RANK_DROP,Dropped out of top-25 (momentum faded); sold at close 1740,-6.8
HINDUNILVR,2019-10-17,2103.9,14,17.22,26.0,24.0,179.0,"Rank #14 of 273 by 6m-return/volatility | 6m +26%, vol ~24%/yr, 5y +179% (not over-extended)",1725.2,-18%,2190.0,1725.2,2019-11-21,2048.6,RANK_DROP,Dropped out of top-25 (momentum faded); sold at close 2049,-3.2
GRSE,2019-10-17,143.8,6,25.39,72.0,45.0,n/a,"Rank #6 of 273 by 6m-return/volatility | 6m +72%, vol ~45%/yr",117.9,-18% ->BE@+15% ->20%-trail,211.9,169.5,2019-12-03,169.5,STOP_LOSS,"Stop-loss hit at 170; had peaked +47%, SL trailed to 170",17.3
SIEMENS,2019-10-17,795.5,11,19.91,42.0,33.0,84.0,"Rank #11 of 273 by 6m-return/volatility | 6m +42%, vol ~33%/yr, 5y +84% (not over-extended)",652.3,-18%,842.0,652.3,2019-12-23,751.7,RANK_DROP,Dropped out of top-25 (momentum faded); sold at close 752,-6.1
WHIRLPOOL,2019-10-17,2243.7,4,28.0,48.0,27.0,384.0,"Rank #4 of 273 by 6m-return/volatility | 6m +48%, vol ~27%/yr, 5y +384%",1839.8,-18% ->BE@+15%,2590.9,2243.7,2020-01-23,2482.1,RANK_DROP,Dropped out of top-25 (momentum faded); sold at close 2482,10.0
DMART,2019-10-17,2114.3,21,13.86,30.0,34.0,n/a,"Rank #21 of 273 by 6m-return/volatility | 6m +30%, vol ~34%/yr",1733.7,-18%,2207.0,1733.7,2020-01-23,2113.3,RANK_DROP,Dropped out of top-25 (momentum faded); sold at close 2113,-0.6
ADANIGREEN,2019-10-17,80.7,1,38.99,145.0,59.0,n/a,"Rank #1 of 273 by 6m-return/volatility | 6m +145%, vol ~59%/yr",66.2,-18% ->BE@+15% ->20%-trail,221.3,177.1,2020-01-15,171.8,STOP_LOSS,"Stop-loss hit at 172; had peaked +174%, SL trailed to 177",112.3
IGL,2019-11-21,204.7,21,21.29,39.0,29.0,408.0,"Rank #21 of 292 by 6m-return/volatility | 6m +39%, vol ~29%/yr, 5y +408%",167.8,-18%,214.9,167.8,2019-12-23,212.7,RANK_DROP,Dropped out of top-25 (momentum faded); sold at close 213,3.3
DABUR,2019-11-21,464.2,25,19.68,28.0,22.0,116.0,"Rank #25 of 292 by 6m-return/volatility | 6m +28%, vol ~22%/yr, 5y +116% (not over-extended)",380.7,-18%,477.0,380.7,2019-12-23,461.0,RANK_DROP,Dropped out of top-25 (momentum faded); sold at close 461,-1.3
ADANIPOWER,2019-11-21,8.1,7,29.45,66.0,35.0,41.0,"Rank #7 of 292 by 6m-return/volatility | 6m +66%, vol ~35%/yr, 5y +41% (not over-extended)",6.6,-18%,8.8,6.6,2019-12-23,8.0,RANK_DROP,Dropped out of top-25 (momentum faded); sold at close 8,-1.4
POLYCAB,2019-11-21,919.2,14,24.3,53.0,35.0,n/a,"Rank #14 of 292 by 6m-return/volatility | 6m +53%, vol ~35%/yr",753.8,-18% ->BE@+15%,1110.5,919.2,2020-01-23,971.9,RANK_DROP,Dropped out of top-25 (momentum faded); sold at close 972,5.1
PFIZER,2019-11-21,4128.4,24,20.66,38.0,29.0,164.0,"Rank #24 of 292 by 6m-return/volatility | 6m +38%, vol ~29%/yr, 5y +164% (not over-extended)",3385.2,-18%,4499.0,3385.2,2020-01-23,4055.8,RANK_DROP,Dropped out of top-25 (momentum faded); sold at close 4056,-2.4
AVANTIFEED,2019-11-21,524.0,22,21.24,66.0,49.0,n/a,"Rank #22 of 292 by 6m-return/volatility | 6m +66%, vol ~49%/yr",429.6,-18% ->BE@+15% ->20%-trail,770.0,616.0,2020-02-05,585.0,STOP_LOSS,"Stop-loss hit at 585; had peaked +47%, SL trailed to 616",11.1
SCI,2019-11-21,45.7,17,23.71,105.0,71.0,17.0,"Rank #17 of 292 by 6m-return/volatility | 6m +105%, vol ~71%/yr, 5y +17% (not over-extended)",37.5,-18%,47.6,37.5,2020-02-25,39.3,RANK_DROP,Dropped out of top-25 (momentum faded); sold at close 39,-14.7
CREDITACC,2019-11-21,673.5,5,29.99,75.0,40.0,n/a,"Rank #5 of 292 by 6m-return/volatility | 6m +75%, vol ~40%/yr",552.2,-18% ->BE@+15% ->20%-trail,908.3,726.6,2020-03-04,726.6,STOP_LOSS,"Stop-loss hit at 727; had peaked +35%, SL trailed to 727",7.3
ADANIENT,2019-11-21,197.6,6,29.49,75.0,40.0,151.0,"Rank #6 of 292 by 6m-return/volatility | 6m +75%, vol ~40%/yr, 5y +151% (not over-extended)",162.0,-18% ->BE@+15%,251.0,197.6,2020-03-09,197.6,STOP_LOSS,"Stop-loss hit at 198; had peaked +27%, SL trailed to 198",-0.6
RELAXO,2019-11-21,552.5,12,24.86,42.0,27.0,331.0,"Rank #12 of 292 by 6m-return/volatility | 6m +42%, vol ~27%/yr, 5y +331%",453.1,-18% ->BE@+15% ->20%-trail,803.2,642.5,2020-03-09,642.5,STOP_LOSS,"Stop-loss hit at 643; had peaked +45%, SL trailed to 643",15.7
ICICIBANK,2019-12-23,519.6,24,17.35,35.0,32.0,57.0,"Rank #24 of 281 by 6m-return/volatility | 6m +35%, vol ~32%/yr, 5y +57% (not over-extended)",426.1,-18%,530.1,426.1,2020-01-23,506.6,RANK_DROP,Dropped out of top-25 (momentum faded); sold at close 507,-3.1
ASTRAZEN,2019-12-23,2789.6,17,19.26,48.0,40.0,222.0,"Rank #17 of 281 by 6m-return/volatility | 6m +48%, vol ~40%/yr, 5y +222%",2287.4,-18%,2836.0,2287.4,2020-01-23,2534.5,RANK_DROP,Dropped out of top-25 (momentum faded); sold at close 2534,-9.7
GLAXO,2019-12-23,1641.7,15,19.8,31.0,24.0,16.0,"Rank #15 of 281 by 6m-return/volatility | 6m +31%, vol ~24%/yr, 5y +16% (not over-extended)",1346.2,-18%,1748.0,1346.2,2020-02-06,1346.2,STOP_LOSS,"Stop-loss hit at 1346; had peaked +6%, SL trailed to 1346",-18.6
MCX,2019-12-23,196.8,10,24.47,52.0,34.0,23.0,"Rank #10 of 281 by 6m-return/volatility | 6m +52%, vol ~34%/yr, 5y +23% (not over-extended)",161.3,-18% ->BE@+15%,249.2,196.8,2020-02-25,237.3,RANK_DROP,Dropped out of top-25 (momentum faded); sold at close 237,20.0
GODFRYPHLP,2019-12-23,475.4,21,17.76,49.0,44.0,111.0,"Rank #21 of 281 by 6m-return/volatility | 6m +49%, vol ~44%/yr, 5y +111% (not over-extended)",389.8,-18% ->BE@+15%,554.3,475.4,2020-02-25,482.2,RANK_DROP,Dropped out of top-25 (momentum faded); sold at close 482,0.8
ISEC,2019-12-23,338.4,19,18.2,63.0,55.0,n/a,"Rank #19 of 281 by 6m-return/volatility | 6m +63%, vol ~55%/yr",277.5,-18% ->BE@+15% ->20%-trail,524.6,419.7,2020-03-06,419.7,STOP_LOSS,"Stop-loss hit at 420; had peaked +55%, SL trailed to 420",23.4
COROMANDEL,2019-12-23,515.0,23,17.47,27.0,24.0,70.0,"Rank #23 of 281 by 6m-return/volatility | 6m +27%, vol ~24%/yr, 5y +70% (not over-extended)",422.3,-18% ->BE@+15%,642.0,515.0,2020-03-13,515.0,STOP_LOSS,"Stop-loss hit at 515; had peaked +25%, SL trailed to 515",-0.6
DIXON,2019-12-23,754.9,6,27.63,71.0,41.0,n/a,"Rank #6 of 281 by 6m-return/volatility | 6m +71%, vol ~41%/yr",619.0,-18% ->BE@+15% ->20%-trail,1033.9,827.2,2020-02-27,827.2,STOP_LOSS,"Stop-loss hit at 827; had peaked +37%, SL trailed to 827",9.0
IGL,2020-01-23,240.8,12,33.45,54.0,26.0,438.0,"Rank #12 of 317 by 6m-return/volatility | 6m +54%, vol ~26%/yr, 5y +438%",197.5,-18%,262.2,197.5,2020-02-25,222.6,RANK_DROP,Dropped out of top-25 (momentum faded); sold at close 223,-8.2
MGL,2020-01-23,1179.8,23,27.48,47.0,27.0,n/a,"Rank #23 of 317 by 6m-return/volatility | 6m +47%, vol ~27%/yr",967.4,-18%,1246.2,967.4,2020-02-25,1099.6,RANK_DROP,Dropped out of top-25 (momentum faded); sold at close 1100,-7.4
NH,2020-01-23,338.1,10,33.89,66.0,31.0,n/a,"Rank #10 of 317 by 6m-return/volatility | 6m +66%, vol ~31%/yr",277.2,-18%,372.8,277.2,2020-02-25,330.1,RANK_DROP,Dropped out of top-25 (momentum faded); sold at close 330,-2.9
BATAINDIA,2020-01-23,1912.2,22,27.68,32.0,19.0,163.0,"Rank #22 of 317 by 6m-return/volatility | 6m +32%, vol ~19%/yr, 5y +163% (not over-extended)",1568.0,-18%,2012.9,1568.0,2020-02-25,1826.1,RANK_DROP,Dropped out of top-25 (momentum faded); sold at close 1826,-5.1
BALKRISIND,2020-01-23,1111.0,16,30.0,48.0,25.0,255.0,"Rank #16 of 317 by 6m-return/volatility | 6m +48%, vol ~25%/yr, 5y +255%",911.0,-18% ->BE@+15%,1298.0,1111.0,2020-02-25,1212.0,RANK_DROP,Dropped out of top-25 (momentum faded); sold at close 1212,8.5
GUJGASLTD,2020-01-23,264.1,7,36.11,77.0,34.0,n/a,"Rank #7 of 317 by 6m-return/volatility | 6m +77%, vol ~34%/yr",216.5,-18%,285.1,216.5,2020-02-25,263.4,RANK_DROP,Dropped out of top-25 (momentum faded); sold at close 263,-0.8
GMRINFRA,2020-01-23,22.3,21,28.32,59.0,33.0,47.0,"Rank #21 of 317 by 6m-return/volatility | 6m +59%, vol ~33%/yr, 5y +47% (not over-extended)",18.3,-18% ->BE@+15%,26.5,22.3,2020-02-28,21.6,STOP_LOSS,"Stop-loss hit at 22; had peaked +19%, SL trailed to 22",-3.4
SRF,2020-01-23,679.9,20,28.49,34.0,19.0,319.0,"Rank #20 of 317 by 6m-return/volatility | 6m +34%, vol ~19%/yr, 5y +319%",557.5,-18% ->BE@+15%,796.4,679.9,2020-03-12,672.7,STOP_LOSS,"Stop-loss hit at 673; had peaked +17%, SL trailed to 680",-1.7
AMBER,2020-01-23,1423.7,9,34.24,58.0,27.0,n/a,"Rank #9 of 317 by 6m-return/volatility | 6m +58%, vol ~27%/yr",1167.4,-18% ->BE@+15%,1840.3,1423.7,2020-03-09,1423.7,STOP_LOSS,"Stop-loss hit at 1424; had peaked +29%, SL trailed to 1424",-0.6
NAVINFLUOR,2020-01-23,1076.2,8,35.33,72.0,32.0,795.0,"Rank #8 of 317 by 6m-return/volatility | 6m +72%, vol ~32%/yr, 5y +795%",882.4,-18% ->BE@+15% ->20%-trail,1629.8,1303.8,2020-03-06,1303.8,STOP_LOSS,"Stop-loss hit at 1304; had peaked +51%, SL trailed to 1304",20.6
SUVEN,2020-02-25,54.2,5,60.38,227.0,60.0,253.0,"Rank #5 of 336 by 6m-return/volatility | 6m +227%, vol ~60%/yr, 5y +253%",44.4,-18%,61.8,44.4,2020-03-06,44.0,STOP_LOSS,"Stop-loss hit at 44; had peaked +14%, SL trailed to 44",-19.4
ORISSAMINE,2020-02-25,1696.1,2,70.16,277.0,63.0,-26.0,"Rank #2 of 336 by 6m-return/volatility | 6m +277%, vol ~63%/yr, 5y -26% (not over-extended)",1390.8,-18%,1714.5,1390.8,2020-03-09,1390.8,STOP_LOSS,"Stop-loss hit at 1391; had peaked +1%, SL trailed to 1391",-18.6
ESCORTS,2020-02-25,815.9,22,36.64,88.0,38.0,549.0,"Rank #22 of 336 by 6m-return/volatility | 6m +88%, vol ~38%/yr, 5y +549%",669.0,-18%,859.9,669.0,2020-03-12,669.0,STOP_LOSS,"Stop-loss hit at 669; had peaked +5%, SL trailed to 669",-18.6
POLYCAB,2020-02-25,1076.2,13,42.18,100.0,38.0,n/a,"Rank #13 of 336 by 6m-return/volatility | 6m +100%, vol ~38%/yr",882.5,-18%,1134.7,882.5,2020-03-12,882.5,STOP_LOSS,"Stop-loss hit at 882; had peaked +5%, SL trailed to 882",-18.6
JUBLFOOD,2020-02-25,371.4,20,38.05,60.0,25.0,161.0,"Rank #20 of 336 by 6m-return/volatility | 6m +60%, vol ~25%/yr, 5y +161% (not over-extended)",304.6,-18%,376.4,304.6,2020-03-12,304.6,STOP_LOSS,"Stop-loss hit at 305; had peaked +1%, SL trailed to 305",-18.6
PVR,2020-02-25,2033.8,25,34.59,40.0,19.0,202.0,"Rank #25 of 336 by 6m-return/volatility | 6m +40%, vol ~19%/yr, 5y +202%",1667.7,-18%,2040.0,1667.7,2020-03-02,1667.7,STOP_LOSS,"Stop-loss hit at 1668; had peaked +0%, SL trailed to 1668",-18.6
INOXLEISUR,2020-02-25,485.0,10,46.58,71.0,24.0,165.0,"Rank #10 of 336 by 6m-return/volatility | 6m +71%, vol ~24%/yr, 5y +165% (not over-extended)",397.7,-18%,492.0,397.7,2020-03-02,397.7,STOP_LOSS,"Stop-loss hit at 398; had peaked +1%, SL trailed to 398",-18.6
AFFLE,2020-02-25,386.4,6,53.46,181.0,54.0,n/a,"Rank #6 of 336 by 6m-return/volatility | 6m +181%, vol ~54%/yr",316.8,-18%,396.1,316.8,2020-02-28,316.8,STOP_LOSS,"Stop-loss hit at 317; had peaked +3%, SL trailed to 317",-18.6
INDIAMART,2020-02-25,1375.2,7,53.18,138.0,41.0,n/a,"Rank #7 of 336 by 6m-return/volatility | 6m +138%, vol ~41%/yr",1127.6,-18%,1430.2,1127.6,2020-03-13,1127.6,STOP_LOSS,"Stop-loss hit at 1128; had peaked +4%, SL trailed to 1128",-18.6
DEEPAKNTR,2020-02-25,490.2,24,35.57,84.0,38.0,512.0,"Rank #24 of 336 by 6m-return/volatility | 6m +84%, vol ~38%/yr, 5y +512%",402.0,-18%,525.2,402.0,2020-03-12,402.0,STOP_LOSS,"Stop-loss hit at 402; had peaked +7%, SL trailed to 402",-18.6
DIVISLAB,2020-02-25,2116.0,21,37.98,39.0,16.0,137.0,"Rank #21 of 336 by 6m-return/volatility | 6m +39%, vol ~16%/yr, 5y +137% (not over-extended)",1735.1,-18%,2259.0,1735.1,2020-03-13,1735.1,STOP_LOSS,"Stop-loss hit at 1735; had peaked +7%, SL trailed to 1735",-18.6
GMMPFAUDLR,2020-02-25,1152.2,18,38.6,134.0,55.0,n/a,"Rank #18 of 336 by 6m-return/volatility | 6m +134%, vol ~55%/yr",944.8,-18%,1152.2,944.8,2020-03-12,944.8,STOP_LOSS,"Stop-loss hit at 945; had peaked +0%, SL trailed to 945",-18.6
MIDHANI,2020-03-27,150.5,12,7.84,45.0,91.0,n/a,"Rank #12 of 330 by 6m-return/volatility | 6m +45%, vol ~91%/yr",123.4,-18% ->BE@+15% ->20%-trail,202.6,162.1,2020-05-05,171.3,RANK_DROP,Dropped out of top-25 (momentum faded); sold at close 171,13.3
INDIACEM,2020-03-27,97.6,20,5.72,26.0,73.0,5.0,"Rank #20 of 330 by 6m-return/volatility | 6m +26%, vol ~73%/yr, 5y +5% (not over-extended)",80.0,-18%,106.9,80.0,2020-05-05,95.0,RANK_DROP,Dropped out of top-25 (momentum faded); sold at close 95,-3.2
ORIENTELEC,2020-03-27,200.5,22,4.87,20.0,65.0,n/a,"Rank #22 of 330 by 6m-return/volatility | 6m +20%, vol ~65%/yr",164.4,-18%,209.8,164.4,2020-05-05,180.1,RANK_DROP,Dropped out of top-25 (momentum faded); sold at close 180,-10.8
MCX,2020-03-27,184.5,24,4.72,20.0,67.0,-9.0,"Rank #24 of 330 by 6m-return/volatility | 6m +20%, vol ~67%/yr, 5y -9% (not over-extended)",151.3,-18%,207.2,151.3,2020-05-05,189.1,RANK_DROP,Dropped out of top-25 (momentum faded); sold at close 189,1.9
GRANULES,2020-03-27,141.2,8,9.3,44.0,75.0,91.0,"Rank #8 of 330 by 6m-return/volatility | 6m +44%, vol ~75%/yr, 5y +91% (not over-extended)",115.8,-18% ->BE@+15%,175.2,141.2,2020-05-05,153.7,RANK_DROP,Dropped out of top-25 (momentum faded); sold at close 154,8.2
GUJGASLTD,2020-03-27,207.4,13,7.66,26.0,53.0,n/a,"Rank #13 of 330 by 6m-return/volatility | 6m +26%, vol ~53%/yr",170.1,-18% ->BE@+15%,249.8,207.4,2020-05-05,219.3,RANK_DROP,Dropped out of top-25 (momentum faded); sold at close 219,5.1
ALKEM,2020-03-27,2344.9,9,9.12,22.0,38.0,n/a,"Rank #9 of 330 by 6m-return/volatility | 6m +22%, vol ~38%/yr",1922.9,-18% ->BE@+15%,2879.0,2344.9,2020-05-18,2344.9,STOP_LOSS,"Stop-loss hit at 2345; had peaked +23%, SL trailed to 2345",-0.6
PFIZER,2020-03-27,3804.1,23,4.85,12.0,39.0,89.0,"Rank #23 of 330 by 6m-return/volatility | 6m +12%, vol ~39%/yr, 5y +89% (not over-extended)",3119.4,-18% ->BE@+15% ->20%-trail,5170.0,4136.0,2020-05-29,4136.0,STOP_LOSS,"Stop-loss hit at 4136; had peaked +36%, SL trailed to 4136",8.1
IPCALAB,2020-03-27,573.2,3,11.87,35.0,47.0,90.0,"Rank #3 of 330 by 6m-return/volatility | 6m +35%, vol ~47%/yr, 5y +90% (not over-extended)",470.1,-18% ->BE@+15% ->20%-trail,840.3,672.2,2020-04-17,672.2,STOP_LOSS,"Stop-loss hit at 672; had peaked +47%, SL trailed to 672",16.7
BHARTIARTL,2020-03-27,449.0,16,7.06,23.0,51.0,22.0,"Rank #16 of 330 by 6m-return/volatility | 6m +23%, vol ~51%/yr, 5y +22% (not over-extended)",368.1,-18% ->BE@+15% ->20%-trail,612.0,489.6,2020-06-05,584.3,RANK_DROP,Dropped out of top-25 (momentum faded); sold at close 584,29.6
AJANTPHARM,2020-03-27,817.4,15,7.45,26.0,56.0,15.0,"Rank #15 of 330 by 6m-return/volatility | 6m +26%, vol ~56%/yr, 5y +15% (not over-extended)",670.2,-18% ->BE@+15%,956.9,817.4,2020-04-09,817.4,STOP_LOSS,"Stop-loss hit at 817; had peaked +17%, SL trailed to 817",-0.6
BIOCON,2020-03-27,286.7,10,8.23,23.0,45.0,293.0,"Rank #10 of 330 by 6m-return/volatility | 6m +23%, vol ~45%/yr, 5y +293%",235.1,-18% ->BE@+15% ->20%-trail,423.8,339.0,2020-07-07,413.2,RANK_DROP,Dropped out of top-25 (momentum faded); sold at close 413,43.5
JBCHEPHARM,2020-03-27,255.2,14,7.54,26.0,55.0,156.0,"Rank #14 of 330 by 6m-return/volatility | 6m +26%, vol ~55%/yr, 5y +156% (not over-extended)",209.3,-18% ->BE@+15% ->20%-trail,376.6,301.3,2020-08-06,369.1,RANK_DROP,Dropped out of top-25 (momentum faded); sold at close 369,44.0
ALKYLAMINE,2020-03-27,520.2,7,9.4,39.0,66.0,259.0,"Rank #7 of 330 by 6m-return/volatility | 6m +39%, vol ~66%/yr, 5y +259%",426.6,-18% ->BE@+15% ->20%-trail,1572.4,1258.0,2020-09-22,1258.0,STOP_LOSS,"Stop-loss hit at 1258; had peaked +202%, SL trailed to 1258",141.2
TORNTPHARM,2020-05-05,1176.8,22,9.06,32.0,55.0,91.0,"Rank #22 of 306 by 6m-return/volatility | 6m +32%, vol ~55%/yr, 5y +91% (not over-extended)",965.0,-18%,1309.9,965.0,2020-06-05,1177.8,RANK_DROP,Dropped out of top-25 (momentum faded); sold at close 1178,-0.5
SETFGOLD,2020-05-05,3950.8,17,11.46,24.0,33.0,n/a,"Rank #17 of 306 by 6m-return/volatility | 6m +24%, vol ~33%/yr",3239.6,-18%,4346.9,3239.6,2020-06-05,3893.5,RANK_DROP,Dropped out of top-25 (momentum faded); sold at close 3894,-2.0
LAURUSLABS,2020-05-05,94.2,18,10.19,39.0,60.0,n/a,"Rank #18 of 306 by 6m-return/volatility | 6m +39%, vol ~60%/yr",77.3,-18%,98.8,77.3,2020-06-05,89.9,RANK_DROP,Dropped out of top-25 (momentum faded); sold at close 90,-5.2
FDC,2020-05-05,239.8,19,9.99,38.0,60.0,59.0,"Rank #19 of 306 by 6m-return/volatility | 6m +38%, vol ~60%/yr, 5y +59% (not over-extended)",196.6,-18%,270.0,196.6,2020-06-05,261.0,RANK_DROP,Dropped out of top-25 (momentum faded); sold at close 261,8.3
HDFCMFGETF,2020-05-05,4274.1,11,13.17,24.0,29.0,69.0,"Rank #11 of 306 by 6m-return/volatility | 6m +24%, vol ~29%/yr, 5y +69% (not over-extended)",3504.8,-18%,4542.3,3504.8,2020-07-07,4337.4,RANK_DROP,Dropped out of top-25 (momentum faded); sold at close 4337,0.9
IRCTC,2020-05-05,269.8,25,8.6,43.0,79.0,n/a,"Rank #25 of 306 by 6m-return/volatility | 6m +43%, vol ~79%/yr",221.2,-18% ->BE@+15%,315.3,269.8,2020-05-19,269.8,STOP_LOSS,"Stop-loss hit at 270; had peaked +17%, SL trailed to 270",-0.6
DRREDDY,2020-05-05,746.9,13,12.09,37.0,48.0,4.0,"Rank #13 of 306 by 6m-return/volatility | 6m +37%, vol ~48%/yr, 5y +4% (not over-extended)",612.4,-18%,816.2,612.4,2020-07-07,744.8,RANK_DROP,Dropped out of top-25 (momentum faded); sold at close 745,-0.9
BAYERCROP,2020-05-05,4494.0,14,11.55,37.0,50.0,36.0,"Rank #14 of 306 by 6m-return/volatility | 6m +37%, vol ~50%/yr, 5y +36% (not over-extended)",3685.1,-18% ->BE@+15% ->20%-trail,6344.0,5075.2,2020-08-06,5632.5,RANK_DROP,Dropped out of top-25 (momentum faded); sold at close 5632,24.7
IOLCP,2020-05-05,57.9,8,13.76,74.0,85.0,386.0,"Rank #8 of 306 by 6m-return/volatility | 6m +74%, vol ~85%/yr, 5y +386%",47.5,-18% ->BE@+15% ->20%-trail,80.2,64.2,2020-06-16,64.2,STOP_LOSS,"Stop-loss hit at 64; had peaked +38%, SL trailed to 64",10.2
CIPLA,2020-06-05,650.9,24,11.27,39.0,56.0,1.0,"Rank #24 of 304 by 6m-return/volatility | 6m +39%, vol ~56%/yr, 5y +1% (not over-extended)",533.7,-18%,692.5,533.7,2020-07-07,636.5,RANK_DROP,Dropped out of top-25 (momentum faded); sold at close 637,-2.8
AMBER,2020-06-05,1663.9,20,11.68,55.0,74.0,n/a,"Rank #20 of 304 by 6m-return/volatility | 6m +55%, vol ~74%/yr",1364.4,-18%,1756.8,1364.4,2020-07-07,1594.5,RANK_DROP,Dropped out of top-25 (momentum faded); sold at close 1595,-4.8
AFFLE,2020-06-05,304.1,2,29.67,110.0,59.0,n/a,"Rank #2 of 304 by 6m-return/volatility | 6m +110%, vol ~59%/yr",249.4,-18%,342.7,249.4,2020-07-07,342.7,RANK_DROP,Dropped out of top-25 (momentum faded); sold at close 343,12.1
DMART,2020-06-05,2743.9,5,24.24,59.0,39.0,n/a,"Rank #5 of 304 by 6m-return/volatility | 6m +59%, vol ~39%/yr",2250.0,-18%,2774.6,2250.0,2020-07-07,2593.1,RANK_DROP,Dropped out of top-25 (momentum faded); sold at close 2593,-6.1
INDIACEM,2020-06-05,124.9,11,15.93,71.0,71.0,55.0,"Rank #11 of 304 by 6m-return/volatility | 6m +71%, vol ~71%/yr, 5y +55% (not over-extended)",102.4,-18%,133.5,102.4,2020-08-06,108.9,RANK_DROP,Dropped out of top-25 (momentum faded); sold at close 109,-13.4
ASTEC,2020-06-05,735.8,6,21.84,107.0,78.0,357.0,"Rank #6 of 304 by 6m-return/volatility | 6m +107%, vol ~78%/yr, 5y +357%",603.4,-18% ->BE@+15% ->20%-trail,1119.0,895.2,2020-08-06,995.2,RANK_DROP,Dropped out of top-25 (momentum faded); sold at close 995,34.6
APLLTD,2020-06-05,853.2,25,11.16,55.0,78.0,82.0,"Rank #25 of 304 by 6m-return/volatility | 6m +55%, vol ~78%/yr, 5y +82% (not over-extended)",699.7,-18% ->BE@+15% ->20%-trail,1128.9,903.1,2020-09-07,918.6,RANK_DROP,Dropped out of top-25 (momentum faded); sold at close 919,7.1
AUROPHARMA,2020-06-05,780.6,23,11.34,65.0,92.0,7.0,"Rank #23 of 304 by 6m-return/volatility | 6m +65%, vol ~92%/yr, 5y +7% (not over-extended)",640.1,-18% ->BE@+15% ->20%-trail,1015.1,812.1,2020-09-07,833.2,RANK_DROP,Dropped out of top-25 (momentum faded); sold at close 833,6.1
GRANULES,2020-06-05,178.3,22,11.38,52.0,73.0,119.0,"Rank #22 of 304 by 6m-return/volatility | 6m +52%, vol ~73%/yr, 5y +119% (not over-extended)",146.2,-18% ->BE@+15% ->20%-trail,393.9,315.1,2020-10-08,358.8,RANK_DROP,Dropped out of top-25 (momentum faded); sold at close 359,100.6
AARTIDRUGS,2020-06-05,262.2,8,19.83,92.0,74.0,43.0,"Rank #8 of 304 by 6m-return/volatility | 6m +92%, vol ~74%/yr, 5y +43% (not over-extended)",215.0,-18% ->BE@+15% ->20%-trail,976.2,781.0,2020-08-26,781.0,STOP_LOSS,"Stop-loss hit at 781; had peaked +272%, SL trailed to 781",197.2
ESCORTS,2020-07-07,1091.3,11,25.06,90.0,57.0,992.0,"Rank #11 of 399 by 6m-return/volatility | 6m +90%, vol ~57%/yr, 5y +992%",894.9,-18%,1189.1,894.9,2020-08-06,1101.2,RANK_DROP,Dropped out of top-25 (momentum faded); sold at close 1101,0.3
SPENCERS,2020-07-07,104.6,10,25.49,94.0,58.0,n/a,"Rank #10 of 399 by 6m-return/volatility | 6m +94%, vol ~58%/yr",85.8,-18%,105.8,85.8,2020-07-16,85.8,STOP_LOSS,"Stop-loss hit at 86; had peaked +1%, SL trailed to 86",-18.6
SHREDIGCEM,2020-07-07,51.4,17,21.5,106.0,78.0,n/a,"Rank #17 of 399 by 6m-return/volatility | 6m +106%, vol ~78%/yr",42.1,-18% ->BE@+15%,60.2,51.4,2020-07-30,51.4,STOP_LOSS,"Stop-loss hit at 51; had peaked +17%, SL trailed to 51",-0.6
DAAWAT,2020-07-07,46.5,16,21.67,104.0,76.0,194.0,"Rank #16 of 399 by 6m-return/volatility | 6m +104%, vol ~76%/yr, 5y +194% (not over-extended)",38.2,-18% ->BE@+15%,56.9,46.5,2020-08-06,54.5,RANK_DROP,Dropped out of top-25 (momentum faded); sold at close 54,16.4
DHANUKA,2020-07-07,703.9,21,19.09,73.0,61.0,23.0,"Rank #21 of 399 by 6m-return/volatility | 6m +73%, vol ~61%/yr, 5y +23% (not over-extended)",577.2,-18% ->BE@+15%,904.8,703.9,2020-08-06,762.5,RANK_DROP,Dropped out of top-25 (momentum faded); sold at close 763,7.7
SUZLON,2020-07-07,18.0,2,47.8,179.0,59.0,-71.0,"Rank #2 of 399 by 6m-return/volatility | 6m +179%, vol ~59%/yr, 5y -71% (not over-extended)",14.8,-18%,18.7,14.8,2020-07-16,14.8,STOP_LOSS,"Stop-loss hit at 15; had peaked +4%, SL trailed to 15",-18.6
NETWORK18,2020-07-07,29.8,7,29.48,110.0,59.0,-22.0,"Rank #7 of 399 by 6m-return/volatility | 6m +110%, vol ~59%/yr, 5y -22% (not over-extended)",24.4,-18% ->BE@+15%,36.5,29.8,2020-07-29,29.8,STOP_LOSS,"Stop-loss hit at 30; had peaked +22%, SL trailed to 30",-0.6
INDOSTAR,2020-07-07,280.9,8,28.52,39.0,22.0,n/a,"Rank #8 of 399 by 6m-return/volatility | 6m +39%, vol ~22%/yr",230.4,-18%,306.8,230.4,2020-08-06,263.8,RANK_DROP,Dropped out of top-25 (momentum faded); sold at close 264,-6.7
IPCALAB,2020-07-07,756.8,22,19.08,49.0,41.0,165.0,"Rank #22 of 399 by 6m-return/volatility | 6m +49%, vol ~41%/yr, 5y +165% (not over-extended)",620.6,-18% ->BE@+15% ->20%-trail,1001.3,801.1,2020-09-07,941.1,RANK_DROP,Dropped out of top-25 (momentum faded); sold at close 941,23.8
DCAL,2020-07-07,148.1,25,18.03,90.0,79.0,n/a,"Rank #25 of 399 by 6m-return/volatility | 6m +90%, vol ~79%/yr",121.4,-18% ->BE@+15% ->20%-trail,224.9,180.0,2020-09-01,180.0,STOP_LOSS,"Stop-loss hit at 180; had peaked +52%, SL trailed to 180",20.9
MARKSANS,2020-07-07,35.0,19,19.51,100.0,81.0,-43.0,"Rank #19 of 399 by 6m-return/volatility | 6m +100%, vol ~81%/yr, 5y -43% (not over-extended)",28.7,-18% ->BE@+15% ->20%-trail,60.4,48.3,2020-08-31,48.3,STOP_LOSS,"Stop-loss hit at 48; had peaked +72%, SL trailed to 48",37.2
GOLDBEES,2020-08-06,45.6,12,35.9,36.0,16.0,-98.0,"Rank #12 of 400 by 6m-return/volatility | 6m +36%, vol ~16%/yr, 5y -98% (not over-extended)",37.4,-18%,48.0,37.4,2020-09-04,36.1,STOP_LOSS,"Stop-loss hit at 36; had peaked +5%, SL trailed to 37",-21.5
HDFCMFGETF,2020-08-06,4995.9,9,38.28,36.0,15.0,102.0,"Rank #9 of 400 by 6m-return/volatility | 6m +36%, vol ~15%/yr, 5y +102% (not over-extended)",4096.6,-18%,5059.0,4096.6,2020-09-07,4576.0,RANK_DROP,Dropped out of top-25 (momentum faded); sold at close 4576,-9.0
DEEPAKNTR,2020-08-06,622.7,22,26.77,68.0,40.0,795.0,"Rank #22 of 400 by 6m-return/volatility | 6m +68%, vol ~40%/yr, 5y +795%",510.6,-18% ->BE@+15%,798.2,622.7,2020-09-07,694.2,RANK_DROP,Dropped out of top-25 (momentum faded); sold at close 694,10.9
SHILPAMED,2020-08-06,254.9,16,30.43,104.0,54.0,27.0,"Rank #16 of 400 by 6m-return/volatility | 6m +104%, vol ~54%/yr, 5y +27% (not over-extended)",209.0,-18% ->BE@+15%,296.1,254.9,2020-08-19,254.9,STOP_LOSS,"Stop-loss hit at 255; had peaked +16%, SL trailed to 255",-0.6
SETFGOLD,2020-08-06,4622.8,10,36.89,36.0,16.0,n/a,"Rank #10 of 400 by 6m-return/volatility | 6m +36%, vol ~16%/yr",3790.7,-18%,4753.2,3790.7,2020-09-07,4225.4,RANK_DROP,Dropped out of top-25 (momentum faded); sold at close 4225,-9.2
CAPLIPOINT,2020-08-06,679.4,20,28.93,119.0,65.0,176.0,"Rank #20 of 400 by 6m-return/volatility | 6m +119%, vol ~65%/yr, 5y +176% (not over-extended)",557.1,-18%,740.0,557.1,2020-08-12,557.1,STOP_LOSS,"Stop-loss hit at 557; had peaked +9%, SL trailed to 557",-18.6
COSMOFILMS,2020-08-06,296.0,23,26.59,68.0,40.0,245.0,"Rank #23 of 400 by 6m-return/volatility | 6m +68%, vol ~40%/yr, 5y +245%",242.7,-18%,323.3,242.7,2020-09-07,253.9,RANK_DROP,Dropped out of top-25 (momentum faded); sold at close 254,-14.8
RPOWER,2020-08-06,1.8,25,26.52,97.0,58.0,-81.0,"Rank #25 of 400 by 6m-return/volatility | 6m +97%, vol ~58%/yr, 5y -81% (not over-extended)",1.4,-18% ->BE@+15%,2.1,1.8,2020-08-31,1.8,STOP_LOSS,"Stop-loss hit at 2; had peaked +19%, SL trailed to 2",-0.6
CIPLA,2020-08-06,731.1,13,33.32,64.0,30.0,17.0,"Rank #13 of 400 by 6m-return/volatility | 6m +64%, vol ~30%/yr, 5y +17% (not over-extended)",599.5,-18%,819.3,599.5,2020-10-08,811.5,RANK_DROP,Dropped out of top-25 (momentum faded); sold at close 811,10.4
EVEREADY,2020-08-06,137.9,7,38.86,146.0,59.0,-51.0,"Rank #7 of 400 by 6m-return/volatility | 6m +146%, vol ~59%/yr, 5y -51% (not over-extended)",113.1,-18%,155.8,113.1,2020-10-08,142.9,RANK_DROP,Dropped out of top-25 (momentum faded); sold at close 143,3.0
TANLA,2020-08-06,102.6,21,28.27,82.0,46.0,657.0,"Rank #21 of 400 by 6m-return/volatility | 6m +82%, vol ~46%/yr, 5y +657%",84.1,-18% ->BE@+15% ->20%-trail,195.8,156.6,2020-09-02,154.0,STOP_LOSS,"Stop-loss hit at 154; had peaked +91%, SL trailed to 157",49.6
TATACOMM,2020-08-06,844.3,15,32.16,103.0,51.0,127.0,"Rank #15 of 400 by 6m-return/volatility | 6m +103%, vol ~51%/yr, 5y +127% (not over-extended)",692.3,-18% ->BE@+15% ->20%-trail,1104.8,883.8,2020-12-11,1036.4,RANK_DROP,Dropped out of top-25 (momentum faded); sold at close 1036,22.2
LAURUSLABS,2020-08-06,197.2,4,41.35,140.0,54.0,n/a,"Rank #4 of 400 by 6m-return/volatility | 6m +140%, vol ~54%/yr",161.7,-18% ->BE@+15% ->20%-trail,332.5,266.0,2020-11-04,266.0,STOP_LOSS,"Stop-loss hit at 266; had peaked +69%, SL trailed to 266",34.3
TATACONSUM,2020-09-07,546.0,21,26.83,56.0,33.0,n/a,"Rank #21 of 471 by 6m-return/volatility | 6m +56%, vol ~33%/yr",447.7,-18%,555.9,447.7,2020-10-08,488.8,RANK_DROP,Dropped out of top-25 (momentum faded); sold at close 489,-11.1
RELIANCE,2020-09-07,1010.1,19,26.96,55.0,33.0,334.0,"Rank #19 of 471 by 6m-return/volatility | 6m +55%, vol ~33%/yr, 5y +334%",828.3,-18%,1149.2,828.3,2020-10-08,1086.1,RANK_DROP,Dropped out of top-25 (momentum faded); sold at close 1086,6.9
DAAWAT,2020-09-07,52.0,23,26.54,124.0,74.0,166.0,"Rank #23 of 471 by 6m-return/volatility | 6m +124%, vol ~74%/yr, 5y +166% (not over-extended)",42.6,-18%,55.8,42.6,2020-10-08,49.8,RANK_DROP,Dropped out of top-25 (momentum faded); sold at close 50,-4.8
CDSL,2020-09-07,216.1,25,25.66,83.0,51.0,n/a,"Rank #25 of 471 by 6m-return/volatility | 6m +83%, vol ~51%/yr",177.2,-18%,235.9,177.2,2020-10-08,216.7,RANK_DROP,Dropped out of top-25 (momentum faded); sold at close 217,-0.3
SWSOLAR,2020-09-07,200.9,20,26.93,90.0,53.0,n/a,"Rank #20 of 471 by 6m-return/volatility | 6m +90%, vol ~53%/yr",164.7,-18%,208.5,164.7,2020-09-16,164.7,STOP_LOSS,"Stop-loss hit at 165; had peaked +4%, SL trailed to 165",-18.6
AFFLE,2020-09-07,576.3,13,34.48,121.0,56.0,n/a,"Rank #13 of 471 by 6m-return/volatility | 6m +121%, vol ~56%/yr",472.6,-18%,638.5,472.6,2020-10-08,538.3,RANK_DROP,Dropped out of top-25 (momentum faded); sold at close 538,-7.2
IDEA,2020-09-07,13.0,9,44.49,295.0,105.0,-93.0,"Rank #9 of 471 by 6m-return/volatility | 6m +295%, vol ~105%/yr, 5y -93% (not over-extended)",10.7,-18%,13.4,10.7,2020-09-22,10.7,STOP_LOSS,"Stop-loss hit at 11; had peaked +2%, SL trailed to 11",-18.6
ASTEC,2020-09-07,1171.2,15,31.0,146.0,75.0,322.0,"Rank #15 of 471 by 6m-return/volatility | 6m +146%, vol ~75%/yr, 5y +322%",960.4,-18%,1336.0,960.4,2020-10-08,1168.1,RANK_DROP,Dropped out of top-25 (momentum faded); sold at close 1168,-0.9
NEULANDLAB,2020-09-07,806.8,16,29.69,143.0,77.0,87.0,"Rank #16 of 471 by 6m-return/volatility | 6m +143%, vol ~77%/yr, 5y +87% (not over-extended)",661.6,-18% ->BE@+15% ->20%-trail,1104.8,883.9,2020-11-10,883.9,STOP_LOSS,"Stop-loss hit at 884; had peaked +37%, SL trailed to 884",9.0
MAJESCO,2020-09-07,1283.9,12,37.71,105.0,44.0,n/a,"Rank #12 of 471 by 6m-return/volatility | 6m +105%, vol ~44%/yr",1052.8,-18% ->BE@+15% ->20%-trail,1712.3,1369.8,2020-12-23,20.7,STOP_LOSS,"Stop-loss hit at 21; had peaked +33%, SL trailed to 1370",-99.0
ADANIGREEN,2020-09-07,502.3,2,67.19,264.0,62.0,n/a,"Rank #2 of 471 by 6m-return/volatility | 6m +264%, vol ~62%/yr",411.9,-18% ->BE@+15% ->20%-trail,1107.9,886.3,2020-12-21,886.3,STOP_LOSS,"Stop-loss hit at 886; had peaked +121%, SL trailed to 886",75.9
RAMCOSYS,2020-09-07,277.4,22,26.57,130.0,78.0,-69.0,"Rank #22 of 471 by 6m-return/volatility | 6m +130%, vol ~78%/yr, 5y -69% (not over-extended)",227.5,-18% ->BE@+15% ->20%-trail,523.1,418.4,2020-11-04,418.4,STOP_LOSS,"Stop-loss hit at 418; had peaked +89%, SL trailed to 418",50.2
INFIBEAM,2020-10-08,15.6,13,70.03,140.0,32.0,n/a,"Rank #13 of 390 by 6m-return/volatility | 6m +140%, vol ~32%/yr",12.8,-18%,16.4,12.8,2020-11-09,15.1,RANK_DROP,Dropped out of top-25 (momentum faded); sold at close 15,-3.6
MINDTREE,2020-10-08,1461.2,17,56.86,100.0,28.0,145.0,"Rank #17 of 390 by 6m-return/volatility | 6m +100%, vol ~28%/yr, 5y +145% (not over-extended)",1198.1,-18%,1605.8,1198.1,2020-11-09,1370.6,RANK_DROP,Dropped out of top-25 (momentum faded); sold at close 1371,-6.8
KPITTECH,2020-10-08,117.5,18,56.83,188.0,52.0,n/a,"Rank #18 of 390 by 6m-return/volatility | 6m +188%, vol ~52%/yr",96.4,-18%,121.0,96.4,2020-10-27,96.4,STOP_LOSS,"Stop-loss hit at 96; had peaked +3%, SL trailed to 96",-18.6
KEC,2020-10-08,333.7,23,53.01,121.0,36.0,150.0,"Rank #23 of 390 by 6m-return/volatility | 6m +121%, vol ~36%/yr, 5y +150% (not over-extended)",273.6,-18%,337.2,273.6,2020-11-09,323.1,RANK_DROP,Dropped out of top-25 (momentum faded); sold at close 323,-3.8
TATAELXSI,2020-10-08,1401.4,20,55.1,120.0,35.0,47.0,"Rank #20 of 390 by 6m-return/volatility | 6m +120%, vol ~35%/yr, 5y +47% (not over-extended)",1149.2,-18% ->BE@+15%,1710.0,1401.4,2020-11-09,1524.1,RANK_DROP,Dropped out of top-25 (momentum faded); sold at close 1524,8.2
INTELLECT,2020-10-08,222.9,8,85.84,249.0,46.0,43.0,"Rank #8 of 390 by 6m-return/volatility | 6m +249%, vol ~46%/yr, 5y +43% (not over-extended)",182.8,-18%,251.3,182.8,2020-11-09,231.8,RANK_DROP,Dropped out of top-25 (momentum faded); sold at close 232,3.4
HEXAWARE,2020-10-08,467.5,19,56.03,87.0,25.0,93.0,"Rank #19 of 390 by 6m-return/volatility | 6m +87%, vol ~25%/yr, 5y +93% (not over-extended)",383.4,-18%,471.8,383.4,2020-10-30,470.8,RANK_DROP,Dropped out of top-25 (momentum faded); sold at close 471,0.1
NUCLEUS,2020-10-08,624.3,21,54.26,240.0,70.0,186.0,"Rank #21 of 390 by 6m-return/volatility | 6m +240%, vol ~70%/yr, 5y +186% (not over-extended)",511.9,-18%,638.3,511.9,2020-11-03,508.3,STOP_LOSS,"Stop-loss hit at 508; had peaked +2%, SL trailed to 512",-19.2
ALOKINDS,2020-10-08,12.1,4,96.05,428.0,71.0,n/a,"Rank #4 of 390 by 6m-return/volatility | 6m +428%, vol ~71%/yr",9.9,-18%,12.1,9.9,2020-11-09,11.4,RANK_DROP,Dropped out of top-25 (momentum faded); sold at close 11,-6.2
VSTTILLERS,2020-10-08,1682.3,15,60.09,159.0,42.0,22.0,"Rank #15 of 390 by 6m-return/volatility | 6m +159%, vol ~42%/yr, 5y +22% (not over-extended)",1379.5,-18%,1744.0,1379.5,2020-11-09,1711.8,RANK_DROP,Dropped out of top-25 (momentum faded); sold at close 1712,1.2
BSOFT,2020-10-08,198.6,25,52.56,222.0,67.0,n/a,"Rank #25 of 390 by 6m-return/volatility | 6m +222%, vol ~67%/yr",162.9,-18%,208.7,162.9,2020-12-11,200.6,RANK_DROP,Dropped out of top-25 (momentum faded); sold at close 201,0.4
GLOBUSSPR,2020-10-08,766.3,12,73.81,268.0,58.0,648.0,"Rank #12 of 390 by 6m-return/volatility | 6m +268%, vol ~58%/yr, 5y +648%",628.4,-18%,846.7,628.4,2020-12-11,785.1,RANK_DROP,Dropped out of top-25 (momentum faded); sold at close 785,1.8
WELSPUNIND,2020-10-08,69.8,16,59.2,196.0,52.0,-18.0,"Rank #16 of 390 by 6m-return/volatility | 6m +196%, vol ~52%/yr, 5y -18% (not over-extended)",57.2,-18%,78.0,57.2,2020-12-11,70.6,RANK_DROP,Dropped out of top-25 (momentum faded); sold at close 71,0.5
MASTEK,2020-10-08,885.5,9,85.77,359.0,66.0,449.0,"Rank #9 of 390 by 6m-return/volatility | 6m +359%, vol ~66%/yr, 5y +449%",726.2,-18% ->BE@+15% ->20%-trail,1178.2,942.6,2020-12-22,942.6,STOP_LOSS,"Stop-loss hit at 943; had peaked +33%, SL trailed to 943",5.8
CGPOWER,2020-10-08,54.4,10,84.98,311.0,58.0,n/a,"Rank #10 of 390 by 6m-return/volatility | 6m +311%, vol ~58%/yr",44.6,-18% ->BE@+15% ->20%-trail,121.7,97.4,2020-12-15,94.7,STOP_LOSS,"Stop-loss hit at 95; had peaked +124%, SL trailed to 97",73.6
ICIL,2020-11-09,145.9,3,114.9,469.0,65.0,-10.0,"Rank #3 of 345 by 6m-return/volatility | 6m +469%, vol ~65%/yr, 5y -10% (not over-extended)",119.6,-18% ->BE@+15%,171.8,145.9,2020-12-11,156.2,RANK_DROP,Dropped out of top-25 (momentum faded); sold at close 156,6.5
WIPRO,2020-11-09,175.6,24,42.12,86.0,32.0,24.0,"Rank #24 of 345 by 6m-return/volatility | 6m +86%, vol ~32%/yr, 5y +24% (not over-extended)",144.0,-18%,183.5,144.0,2020-12-11,176.4,RANK_DROP,Dropped out of top-25 (momentum faded); sold at close 176,-0.2
SHREDIGCEM,2020-11-09,63.3,21,43.97,131.0,47.0,n/a,"Rank #21 of 345 by 6m-return/volatility | 6m +131%, vol ~47%/yr",51.9,-18%,63.8,51.9,2020-12-11,59.0,RANK_DROP,Dropped out of top-25 (momentum faded); sold at close 59,-7.5
FSL,2020-11-09,74.2,15,49.59,134.0,43.0,162.0,"Rank #15 of 345 by 6m-return/volatility | 6m +134%, vol ~43%/yr, 5y +162% (not over-extended)",60.8,-18%,80.7,60.8,2020-12-11,75.0,RANK_DROP,Dropped out of top-25 (momentum faded); sold at close 75,0.5
INFY,2020-11-09,1136.6,23,42.59,64.0,24.0,102.0,"Rank #23 of 345 by 6m-return/volatility | 6m +64%, vol ~24%/yr, 5y +102% (not over-extended)",932.0,-18%,1179.5,932.0,2020-12-11,1163.2,RANK_DROP,Dropped out of top-25 (momentum faded); sold at close 1163,1.7
KOPRAN,2020-11-09,77.6,2,119.44,439.0,58.0,147.0,"Rank #2 of 345 by 6m-return/volatility | 6m +439%, vol ~58%/yr, 5y +147% (not over-extended)",63.6,-18%,87.0,63.6,2020-12-11,79.4,RANK_DROP,Dropped out of top-25 (momentum faded); sold at close 79,1.7
ADANIGAS,2020-11-09,238.8,25,42.12,125.0,47.0,n/a,"Rank #25 of 345 by 6m-return/volatility | 6m +125%, vol ~47%/yr",195.8,-18% ->BE@+15% ->20%-trail,382.6,306.1,2020-12-11,358.7,RANK_DROP,Dropped out of top-25 (momentum faded); sold at close 359,49.6
GRANULES,2020-11-09,372.9,14,55.15,146.0,42.0,165.0,"Rank #14 of 345 by 6m-return/volatility | 6m +146%, vol ~42%/yr, 5y +165% (not over-extended)",305.7,-18%,424.0,305.7,2020-12-11,375.2,RANK_DROP,Dropped out of top-25 (momentum faded); sold at close 375,0.0
DIXON,2020-11-09,2060.0,19,44.7,123.0,44.0,n/a,"Rank #19 of 345 by 6m-return/volatility | 6m +123%, vol ~44%/yr",1689.2,-18% ->BE@+15% ->20%-trail,3545.6,2836.5,2021-01-13,3071.2,RANK_DROP,Dropped out of top-25 (momentum faded); sold at close 3071,48.5
ESTER,2020-11-09,117.2,9,76.78,303.0,63.0,788.0,"Rank #9 of 345 by 6m-return/volatility | 6m +303%, vol ~63%/yr, 5y +788%",96.1,-18% ->BE@+15%,137.0,117.2,2020-12-21,117.2,STOP_LOSS,"Stop-loss hit at 117; had peaked +17%, SL trailed to 117",-0.6
APLAPOLLO,2020-11-09,344.7,10,69.63,163.0,37.0,520.0,"Rank #10 of 345 by 6m-return/volatility | 6m +163%, vol ~37%/yr, 5y +520%",282.7,-18% ->BE@+15%,412.7,344.7,2020-12-21,344.7,STOP_LOSS,"Stop-loss hit at 345; had peaked +20%, SL trailed to 345",-0.6
CHOLAFIN,2020-12-11,357.5,19,52.13,138.0,42.0,207.0,"Rank #19 of 460 by 6m-return/volatility | 6m +138%, vol ~42%/yr, 5y +207%",293.2,-18% ->BE@+15%,436.6,357.5,2021-01-13,414.2,RANK_DROP,Dropped out of top-25 (momentum faded); sold at close 414,15.3
UFLEX,2020-12-11,384.0,22,50.4,111.0,35.0,116.0,"Rank #22 of 460 by 6m-return/volatility | 6m +111%, vol ~35%/yr, 5y +116% (not over-extended)",314.8,-18%,400.0,314.8,2021-01-13,377.1,RANK_DROP,Dropped out of top-25 (momentum faded); sold at close 377,-2.4
SUVENPHAR,2020-12-11,447.6,23,50.31,142.0,45.0,n/a,"Rank #23 of 460 by 6m-return/volatility | 6m +142%, vol ~45%/yr",367.0,-18% ->BE@+15%,528.7,447.6,2021-01-13,483.3,RANK_DROP,Dropped out of top-25 (momentum faded); sold at close 483,7.4
VARROC,2020-12-11,393.5,18,52.76,147.0,44.0,n/a,"Rank #18 of 460 by 6m-return/volatility | 6m +147%, vol ~44%/yr",322.7,-18%,405.3,322.7,2021-01-13,397.8,RANK_DROP,Dropped out of top-25 (momentum faded); sold at close 398,0.5
EVEREADY,2020-12-11,192.4,9,61.03,155.0,40.0,-34.0,"Rank #9 of 460 by 6m-return/volatility | 6m +155%, vol ~40%/yr, 5y -34% (not over-extended)",157.7,-18%,216.5,157.7,2021-01-13,202.5,RANK_DROP,Dropped out of top-25 (momentum faded); sold at close 203,4.7
AFFLE,2020-12-11,746.2,16,54.12,147.0,43.0,n/a,"Rank #16 of 460 by 6m-return/volatility | 6m +147%, vol ~43%/yr",611.8,-18%,830.4,611.8,2021-01-13,773.1,RANK_DROP,Dropped out of top-25 (momentum faded); sold at close 773,3.0
CAMLINFINE,2020-12-11,79.5,7,66.07,186.0,45.0,19.0,"Rank #7 of 460 by 6m-return/volatility | 6m +186%, vol ~45%/yr, 5y +19% (not over-extended)",65.2,-18%,90.0,65.2,2021-01-13,81.2,RANK_DROP,Dropped out of top-25 (momentum faded); sold at close 81,1.6
JSLHISAR,2020-12-11,133.0,20,51.61,151.0,46.0,n/a,"Rank #20 of 460 by 6m-return/volatility | 6m +151%, vol ~46%/yr",109.1,-18% ->BE@+15%,164.8,133.0,2021-01-13,156.8,RANK_DROP,Dropped out of top-25 (momentum faded); sold at close 157,17.3
CYIENT,2020-12-11,496.7,15,54.14,135.0,40.0,1.0,"Rank #15 of 460 by 6m-return/volatility | 6m +135%, vol ~40%/yr, 5y +1% (not over-extended)",407.3,-18%,562.8,407.3,2021-01-13,518.4,RANK_DROP,Dropped out of top-25 (momentum faded); sold at close 518,3.8
INTELLECT,2020-12-11,277.5,3,86.63,197.0,36.0,22.0,"Rank #3 of 460 by 6m-return/volatility | 6m +197%, vol ~36%/yr, 5y +22% (not over-extended)",227.5,-18% ->BE@+15%,320.2,277.5,2020-12-21,277.5,STOP_LOSS,"Stop-loss hit at 277; had peaked +15%, SL trailed to 277",-0.6
TEJASNET,2020-12-11,346.2,21,51.23,183.0,57.0,n/a,"Rank #21 of 460 by 6m-return/volatility | 6m +183%, vol ~57%/yr",283.9,-18% ->BE@+15%,438.6,346.2,2021-02-15,413.9,RANK_DROP,Dropped out of top-25 (momentum faded); sold at close 414,18.9
EMAMILTD,2020-12-11,453.5,8,61.8,121.0,31.0,-13.0,"Rank #8 of 460 by 6m-return/volatility | 6m +121%, vol ~31%/yr, 5y -13% (not over-extended)",371.9,-18% ->BE@+15%,551.8,453.5,2021-02-15,498.5,RANK_DROP,Dropped out of top-25 (momentum faded); sold at close 499,9.3
INDIAMART,2020-12-11,2840.1,11,59.43,145.0,39.0,n/a,"Rank #11 of 460 by 6m-return/volatility | 6m +145%, vol ~39%/yr",2328.9,-18% ->BE@+15% ->20%-trail,5274.3,4219.4,2021-03-09,4219.4,STOP_LOSS,"Stop-loss hit at 4219; had peaked +86%, SL trailed to 4219",48.0
BEPL,2020-12-11,129.6,25,49.76,197.0,63.0,459.0,"Rank #25 of 460 by 6m-return/volatility | 6m +197%, vol ~63%/yr, 5y +459%",106.3,-18% ->BE@+15% ->20%-trail,180.0,144.0,2021-01-25,144.0,STOP_LOSS,"Stop-loss hit at 144; had peaked +39%, SL trailed to 144",10.5
ADANIENT,2020-12-11,432.5,4,82.68,208.0,40.0,477.0,"Rank #4 of 460 by 6m-return/volatility | 6m +208%, vol ~40%/yr, 5y +477%",354.7,-18% ->BE@+15% ->20%-trail,1651.2,1321.0,2021-06-14,1321.0,STOP_LOSS,"Stop-loss hit at 1321; had peaked +282%, SL trailed to 1321",204.8
BLISSGVS,2021-01-13,199.1,25,51.92,95.0,29.0,14.0,"Rank #25 of 507 by 6m-return/volatility | 6m +95%, vol ~29%/yr, 5y +14% (not over-extended)",163.3,-18%,203.3,163.3,2021-02-15,171.0,RANK_DROP,Dropped out of top-25 (momentum faded); sold at close 171,-14.7
ASHOKLEY,2021-01-13,55.3,17,58.18,142.0,39.0,53.0,"Rank #17 of 507 by 6m-return/volatility | 6m +142%, vol ~39%/yr, 5y +53% (not over-extended)",45.3,-18%,63.1,45.3,2021-02-15,59.2,RANK_DROP,Dropped out of top-25 (momentum faded); sold at close 59,6.6
SUNTECK,2021-01-13,382.2,23,52.52,128.0,39.0,230.0,"Rank #23 of 507 by 6m-return/volatility | 6m +128%, vol ~39%/yr, 5y +230%",313.4,-18%,394.0,313.4,2021-02-15,367.5,RANK_DROP,Dropped out of top-25 (momentum faded); sold at close 368,-4.5
PERSISTENT,2021-01-13,809.8,22,53.83,118.0,35.0,150.0,"Rank #22 of 507 by 6m-return/volatility | 6m +118%, vol ~35%/yr, 5y +150% (not over-extended)",664.0,-18%,910.1,664.0,2021-02-15,879.4,RANK_DROP,Dropped out of top-25 (momentum faded); sold at close 879,8.0
JSWSTEEL,2021-01-13,403.0,24,52.39,100.0,30.0,292.0,"Rank #24 of 507 by 6m-return/volatility | 6m +100%, vol ~30%/yr, 5y +292%",330.4,-18%,420.0,330.4,2021-02-15,403.7,RANK_DROP,Dropped out of top-25 (momentum faded); sold at close 404,-0.4
GPIL,2021-01-13,23.3,5,98.77,248.0,40.0,333.0,"Rank #5 of 507 by 6m-return/volatility | 6m +248%, vol ~40%/yr, 5y +333%",19.1,-18%,24.2,19.1,2021-01-28,19.1,STOP_LOSS,"Stop-loss hit at 19; had peaked +4%, SL trailed to 19",-18.6
IFBIND,2021-01-13,1368.3,9,72.53,232.0,51.0,201.0,"Rank #9 of 507 by 6m-return/volatility | 6m +232%, vol ~51%/yr, 5y +201%",1122.0,-18% ->BE@+15%,1616.7,1368.3,2021-02-17,1368.3,STOP_LOSS,"Stop-loss hit at 1368; had peaked +18%, SL trailed to 1368",-0.6
TATAELXSI,2021-01-13,2371.9,20,54.24,159.0,47.0,112.0,"Rank #20 of 507 by 6m-return/volatility | 6m +159%, vol ~47%/yr, 5y +112% (not over-extended)",1944.9,-18% ->BE@+15%,3050.0,2371.9,2021-03-18,2674.7,RANK_DROP,Dropped out of top-25 (momentum faded); sold at close 2675,12.2
KELLTONTEC,2021-01-13,16.2,6,97.03,337.0,55.0,n/a,"Rank #6 of 507 by 6m-return/volatility | 6m +337%, vol ~55%/yr",13.3,-18%,18.3,13.3,2021-02-01,13.3,STOP_LOSS,"Stop-loss hit at 13; had peaked +13%, SL trailed to 13",-18.6
PRINCEPIPE,2021-01-13,292.0,10,71.92,184.0,41.0,n/a,"Rank #10 of 507 by 6m-return/volatility | 6m +184%, vol ~41%/yr",239.4,-18% ->BE@+15% ->20%-trail,480.0,384.0,2021-03-18,405.4,RANK_DROP,Dropped out of top-25 (momentum faded); sold at close 405,38.2
GRASIM,2021-01-13,1033.3,21,54.12,77.0,23.0,36.0,"Rank #21 of 507 by 6m-return/volatility | 6m +77%, vol ~23%/yr, 5y +36% (not over-extended)",847.3,-18% ->BE@+15% ->20%-trail,1472.7,1178.2,2021-04-23,1278.1,RANK_DROP,Dropped out of top-25 (momentum faded); sold at close 1278,23.1
KAJARIACER,2021-01-13,751.3,19,55.36,92.0,26.0,60.0,"Rank #19 of 507 by 6m-return/volatility | 6m +92%, vol ~26%/yr, 5y +60% (not over-extended)",616.1,-18% ->BE@+15% ->20%-trail,1020.0,816.0,2021-04-23,875.5,RANK_DROP,Dropped out of top-25 (momentum faded); sold at close 875,15.9
TANLA,2021-01-13,742.8,1,357.94,1214.0,54.0,6443.0,"Rank #1 of 507 by 6m-return/volatility | 6m +1214%, vol ~54%/yr, 5y +6443%",609.1,-18%,805.0,609.1,2021-02-15,737.5,RANK_DROP,Dropped out of top-25 (momentum faded); sold at close 737,-1.3
DIXON,2021-02-15,3925.1,20,50.68,138.0,43.0,n/a,"Rank #20 of 476 by 6m-return/volatility | 6m +138%, vol ~43%/yr",3218.6,-18% ->BE@+15%,4541.1,3925.1,2021-03-18,4240.3,RANK_DROP,Dropped out of top-25 (momentum faded); sold at close 4240,7.4
LAXMIMACH,2021-02-15,6194.4,25,45.55,104.0,36.0,80.0,"Rank #25 of 476 by 6m-return/volatility | 6m +104%, vol ~36%/yr, 5y +80% (not over-extended)",5079.4,-18% ->BE@+15%,7860.0,6194.4,2021-03-18,7056.5,RANK_DROP,Dropped out of top-25 (momentum faded); sold at close 7057,13.3
TATAMTRDVR,2021-02-15,133.5,15,54.41,206.0,60.0,-44.0,"Rank #15 of 476 by 6m-return/volatility | 6m +206%, vol ~60%/yr, 5y -44% (not over-extended)",109.5,-18%,145.0,109.5,2021-03-18,128.4,RANK_DROP,Dropped out of top-25 (momentum faded); sold at close 128,-4.4
CENTURYPLY,2021-02-15,293.4,17,52.23,132.0,40.0,95.0,"Rank #17 of 476 by 6m-return/volatility | 6m +132%, vol ~40%/yr, 5y +95% (not over-extended)",240.5,-18%,311.9,240.5,2021-03-18,288.9,RANK_DROP,Dropped out of top-25 (momentum faded); sold at close 289,-2.1
SOMANYCERA,2021-02-15,468.2,9,69.65,212.0,48.0,15.0,"Rank #9 of 476 by 6m-return/volatility | 6m +212%, vol ~48%/yr, 5y +15% (not over-extended)",383.9,-18%,511.3,383.9,2021-03-18,473.5,RANK_DROP,Dropped out of top-25 (momentum faded); sold at close 473,0.5
AFFLE,2021-02-15,1050.5,23,48.28,146.0,48.0,n/a,"Rank #23 of 476 by 6m-return/volatility | 6m +146%, vol ~48%/yr",861.4,-18% ->BE@+15%,1281.8,1050.5,2021-03-18,1140.1,RANK_DROP,Dropped out of top-25 (momentum faded); sold at close 1140,7.9
BLUEDART,2021-02-15,4650.1,6,76.0,147.0,31.0,-32.0,"Rank #6 of 476 by 6m-return/volatility | 6m +147%, vol ~31%/yr, 5y -32% (not over-extended)",3813.1,-18% ->BE@+15%,5845.0,4650.1,2021-04-23,5187.2,RANK_DROP,Dropped out of top-25 (momentum faded); sold at close 5187,10.9
SAREGAMA,2021-02-15,180.3,21,48.77,126.0,41.0,332.0,"Rank #21 of 476 by 6m-return/volatility | 6m +126%, vol ~41%/yr, 5y +332%",147.8,-18% ->BE@+15% ->20%-trail,293.1,234.5,2021-03-19,234.5,STOP_LOSS,"Stop-loss hit at 234; had peaked +63%, SL trailed to 234",29.4
BORORENEW,2021-02-15,303.2,14,57.14,284.0,79.0,n/a,"Rank #14 of 476 by 6m-return/volatility | 6m +284%, vol ~79%/yr",248.6,-18%,312.4,248.6,2021-03-18,261.0,RANK_DROP,Dropped out of top-25 (momentum faded); sold at close 261,-14.5
ADANITRANS,2021-02-15,803.4,12,60.74,192.0,50.0,1675.0,"Rank #12 of 476 by 6m-return/volatility | 6m +192%, vol ~50%/yr, 5y +1675%",658.8,-18% ->BE@+15%,1005.8,803.4,2021-03-18,907.3,RANK_DROP,Dropped out of top-25 (momentum faded); sold at close 907,12.3
MAGMA,2021-02-15,103.1,16,53.81,236.0,70.0,45.0,"Rank #16 of 476 by 6m-return/volatility | 6m +236%, vol ~70%/yr, 5y +45% (not over-extended)",84.5,-18% ->BE@+15%,125.2,103.1,2021-02-25,103.1,STOP_LOSS,"Stop-loss hit at 103; had peaked +21%, SL trailed to 103",-0.6
GATI,2021-03-18,104.9,24,38.62,131.0,54.0,6.0,"Rank #24 of 529 by 6m-return/volatility | 6m +131%, vol ~54%/yr, 5y +6% (not over-extended)",86.0,-18%,112.7,86.0,2021-04-23,96.1,RANK_DROP,Dropped out of top-25 (momentum faded); sold at close 96,-9.0
EKC,2021-03-18,87.0,2,85.01,354.0,66.0,724.0,"Rank #2 of 529 by 6m-return/volatility | 6m +354%, vol ~66%/yr, 5y +724%",71.3,-18% ->BE@+15%,104.6,87.0,2021-04-12,87.0,STOP_LOSS,"Stop-loss hit at 87; had peaked +20%, SL trailed to 87",-0.6
ADANIPORTS,2021-03-18,643.8,22,38.98,92.0,38.0,240.0,"Rank #22 of 529 by 6m-return/volatility | 6m +92%, vol ~38%/yr, 5y +240%",527.9,-18% ->BE@+15% ->20%-trail,838.3,670.7,2021-04-13,670.7,STOP_LOSS,"Stop-loss hit at 671; had peaked +30%, SL trailed to 671",3.6
ASTRAL,2021-03-18,1716.2,15,44.13,107.0,39.0,643.0,"Rank #15 of 529 by 6m-return/volatility | 6m +107%, vol ~39%/yr, 5y +643%",1407.3,-18%,1761.9,1407.3,2021-04-23,1693.1,RANK_DROP,Dropped out of top-25 (momentum faded); sold at close 1693,-1.9
ADANIPOWER,2021-03-18,11.8,14,44.61,140.0,50.0,238.0,"Rank #14 of 529 by 6m-return/volatility | 6m +140%, vol ~50%/yr, 5y +238%",9.6,-18% ->BE@+15%,14.3,11.8,2021-03-31,11.4,STOP_LOSS,"Stop-loss hit at 11; had peaked +22%, SL trailed to 12",-4.1
DALBHARAT,2021-03-18,1523.2,16,41.93,105.0,40.0,n/a,"Rank #16 of 529 by 6m-return/volatility | 6m +105%, vol ~40%/yr",1249.0,-18%,1601.1,1249.0,2021-04-23,1379.7,RANK_DROP,Dropped out of top-25 (momentum faded); sold at close 1380,-10.0
INTELLECT,2021-03-18,572.2,9,47.9,184.0,61.0,246.0,"Rank #9 of 529 by 6m-return/volatility | 6m +184%, vol ~61%/yr, 5y +246%",469.2,-18% ->BE@+15%,709.0,572.2,2021-03-25,572.2,STOP_LOSS,"Stop-loss hit at 572; had peaked +24%, SL trailed to 572",-0.6
OLECTRA,2021-03-18,706.9,7,51.54,188.0,58.0,n/a,"Rank #7 of 529 by 6m-return/volatility | 6m +188%, vol ~58%/yr",579.6,-18%,779.8,579.6,2021-05-10,579.6,STOP_LOSS,"Stop-loss hit at 580; had peaked +10%, SL trailed to 580",-18.6
LINDEINDIA,2021-03-18,1726.4,20,40.18,112.0,44.0,579.0,"Rank #20 of 529 by 6m-return/volatility | 6m +112%, vol ~44%/yr, 5y +579%",1415.7,-18% ->BE@+15%,2074.0,1726.4,2021-05-05,1726.4,STOP_LOSS,"Stop-loss hit at 1726; had peaked +20%, SL trailed to 1726",-0.6
TATACHEM,2021-03-18,715.2,6,51.58,137.0,42.0,409.0,"Rank #6 of 529 by 6m-return/volatility | 6m +137%, vol ~42%/yr, 5y +409%",586.4,-18% ->BE@+15%,834.0,715.2,2021-04-22,712.0,STOP_LOSS,"Stop-loss hit at 712; had peaked +17%, SL trailed to 715",-1.0
IIFL,2021-03-18,283.4,5,52.83,253.0,76.0,299.0,"Rank #5 of 529 by 6m-return/volatility | 6m +253%, vol ~76%/yr, 5y +299%",232.4,-18%,283.4,232.4,2021-04-13,232.4,STOP_LOSS,"Stop-loss hit at 232; had peaked +0%, SL trailed to 232",-18.6
TIINDIA,2021-03-18,1117.7,25,38.35,84.0,35.0,n/a,"Rank #25 of 529 by 6m-return/volatility | 6m +84%, vol ~35%/yr",916.5,-18%,1266.3,916.5,2021-05-26,1147.9,RANK_DROP,Dropped out of top-25 (momentum faded); sold at close 1148,2.1
HINDCOPPER,2021-03-18,112.1,19,40.67,230.0,90.0,188.0,"Rank #19 of 529 by 6m-return/volatility | 6m +230%, vol ~90%/yr, 5y +188% (not over-extended)",91.9,-18% ->BE@+15% ->20%-trail,183.9,147.1,2021-06-08,147.1,STOP_LOSS,"Stop-loss hit at 147; had peaked +64%, SL trailed to 147",30.6
GRAPHITE,2021-03-18,500.4,12,46.06,179.0,62.0,797.0,"Rank #12 of 529 by 6m-return/volatility | 6m +179%, vol ~62%/yr, 5y +797%",410.4,-18% ->BE@+15% ->20%-trail,713.7,570.9,2021-04-12,570.9,STOP_LOSS,"Stop-loss hit at 571; had peaked +43%, SL trailed to 571",13.5
APOLLOPIPE,2021-04-23,366.0,15,48.28,150.0,49.0,n/a,"Rank #15 of 489 by 6m-return/volatility | 6m +150%, vol ~49%/yr",300.1,-18% ->BE@+15%,440.2,366.0,2021-05-26,396.6,RANK_DROP,Dropped out of top-25 (momentum faded); sold at close 397,7.8
TATASTEEL,2021-04-23,96.2,18,45.65,134.0,47.0,195.0,"Rank #18 of 489 by 6m-return/volatility | 6m +134%, vol ~47%/yr, 5y +195% (not over-extended)",78.9,-18% ->BE@+15% ->20%-trail,129.6,103.7,2021-05-26,112.5,RANK_DROP,Dropped out of top-25 (momentum faded); sold at close 112,16.3
DEEPAKNTR,2021-04-23,1575.9,22,43.48,129.0,47.0,2310.0,"Rank #22 of 489 by 6m-return/volatility | 6m +129%, vol ~47%/yr, 5y +2310%",1292.3,-18% ->BE@+15%,1924.6,1575.9,2021-05-26,1727.9,RANK_DROP,Dropped out of top-25 (momentum faded); sold at close 1728,9.0
ALKYLAMINE,2021-04-23,2761.7,20,45.01,104.0,37.0,1941.0,"Rank #20 of 489 by 6m-return/volatility | 6m +104%, vol ~37%/yr, 5y +1941%",2264.6,-18% ->BE@+15% ->20%-trail,3970.0,3176.0,2021-05-26,3580.1,RANK_DROP,Dropped out of top-25 (momentum faded); sold at close 3580,29.0
POLYCAB,2021-04-23,1438.0,17,46.84,85.0,29.0,n/a,"Rank #17 of 489 by 6m-return/volatility | 6m +85%, vol ~29%/yr",1179.2,-18%,1643.9,1179.2,2021-05-26,1632.4,RANK_DROP,Dropped out of top-25 (momentum faded); sold at close 1632,12.9
MAXHEALTH,2021-04-23,245.1,25,41.69,107.0,41.0,n/a,"Rank #25 of 489 by 6m-return/volatility | 6m +107%, vol ~41%/yr",201.0,-18%,263.5,201.0,2021-05-26,252.6,RANK_DROP,Dropped out of top-25 (momentum faded); sold at close 253,2.5
PRAJIND,2021-04-23,176.0,16,47.75,192.0,64.0,171.0,"Rank #16 of 489 by 6m-return/volatility | 6m +192%, vol ~64%/yr, 5y +171% (not over-extended)",144.3,-18% ->BE@+15% ->20%-trail,321.1,256.9,2021-05-26,291.4,RANK_DROP,Dropped out of top-25 (momentum faded); sold at close 291,65.0
TATASTLBSL,2021-04-23,60.5,13,50.81,154.0,48.0,n/a,"Rank #13 of 489 by 6m-return/volatility | 6m +154%, vol ~48%/yr",49.6,-18% ->BE@+15% ->20%-trail,108.0,86.4,2021-05-06,86.4,STOP_LOSS,"Stop-loss hit at 86; had peaked +79%, SL trailed to 86",42.2
GREENPANEL,2021-04-23,266.4,3,71.53,231.0,51.0,n/a,"Rank #3 of 489 by 6m-return/volatility | 6m +231%, vol ~51%/yr",218.4,-18% ->BE@+15%,338.8,266.4,2021-05-26,327.9,RANK_DROP,Dropped out of top-25 (momentum faded); sold at close 328,22.5
VEDL,2021-04-23,76.9,9,59.82,136.0,36.0,149.0,"Rank #9 of 489 by 6m-return/volatility | 6m +136%, vol ~36%/yr, 5y +149% (not over-extended)",63.1,-18% ->BE@+15%,100.0,76.9,2021-06-25,88.5,RANK_DROP,Dropped out of top-25 (momentum faded); sold at close 88,14.4
SHAKTIPUMP,2021-05-26,372.1,16,49.43,173.0,56.0,224.0,"Rank #16 of 575 by 6m-return/volatility | 6m +173%, vol ~56%/yr, 5y +224%",305.1,-18% ->BE@+15%,442.2,372.1,2021-06-14,372.1,STOP_LOSS,"Stop-loss hit at 372; had peaked +19%, SL trailed to 372",-0.6
SAIL,2021-05-26,122.9,15,50.44,197.0,62.0,195.0,"Rank #15 of 575 by 6m-return/volatility | 6m +197%, vol ~62%/yr, 5y +195% (not over-extended)",100.8,-18% ->BE@+15%,144.6,122.9,2021-06-25,135.9,RANK_DROP,Dropped out of top-25 (momentum faded); sold at close 136,10.0
FILATEX,2021-05-26,56.7,13,53.91,242.0,71.0,721.0,"Rank #13 of 575 by 6m-return/volatility | 6m +242%, vol ~71%/yr, 5y +721%",46.5,-18% ->BE@+15%,69.9,56.7,2021-06-18,56.7,STOP_LOSS,"Stop-loss hit at 57; had peaked +23%, SL trailed to 57",-0.6
GDL,2021-05-26,252.2,10,56.52,189.0,53.0,6.0,"Rank #10 of 575 by 6m-return/volatility | 6m +189%, vol ~53%/yr, 5y +6% (not over-extended)",206.8,-18%,272.9,206.8,2021-09-28,231.7,RANK_DROP,Dropped out of top-25 (momentum faded); sold at close 232,-8.7
SUPPETRO,2021-05-26,688.6,14,53.72,165.0,49.0,352.0,"Rank #14 of 575 by 6m-return/volatility | 6m +165%, vol ~49%/yr, 5y +352%",564.7,-18%,720.6,564.7,2021-09-29,686.1,RANK_DROP,Dropped out of top-25 (momentum faded); sold at close 686,-1.0
MANGCHEFER,2021-05-26,89.6,24,47.49,177.0,59.0,112.0,"Rank #24 of 575 by 6m-return/volatility | 6m +177%, vol ~59%/yr, 5y +112% (not over-extended)",73.5,-18%,90.2,73.5,2021-06-25,84.7,RANK_DROP,Dropped out of top-25 (momentum faded); sold at close 85,-6.1
3IINFOTECH,2021-05-26,9.3,17,49.36,186.0,60.0,124.0,"Rank #17 of 575 by 6m-return/volatility | 6m +186%, vol ~60%/yr, 5y +124% (not over-extended)",7.6,-18%,9.6,7.6,2021-06-08,8.8,RANK_DROP,Dropped out of top-25 (momentum faded); sold at close 9,-6.0
JSWISPL,2021-05-26,34.4,11,55.22,202.0,58.0,n/a,"Rank #11 of 575 by 6m-return/volatility | 6m +202%, vol ~58%/yr",28.2,-18% ->BE@+15%,41.4,34.4,2021-09-17,34.4,STOP_LOSS,"Stop-loss hit at 34; had peaked +20%, SL trailed to 34",-0.6
INEOSSTYRO,2021-05-26,1369.4,21,48.04,119.0,39.0,129.0,"Rank #21 of 575 by 6m-return/volatility | 6m +119%, vol ~39%/yr, 5y +129% (not over-extended)",1122.9,-18%,1565.8,1122.9,2021-06-25,1436.6,RANK_DROP,Dropped out of top-25 (momentum faded); sold at close 1437,4.3
PERSISTENT,2021-05-26,1237.2,20,48.8,121.0,39.0,242.0,"Rank #20 of 575 by 6m-return/volatility | 6m +121%, vol ~39%/yr, 5y +242%",1014.5,-18%,1307.4,1014.5,2021-06-25,1289.4,RANK_DROP,Dropped out of top-25 (momentum faded); sold at close 1289,3.6
TATAELXSI,2021-05-26,3561.4,12,54.11,130.0,38.0,290.0,"Rank #12 of 575 by 6m-return/volatility | 6m +130%, vol ~38%/yr, 5y +290%",2920.4,-18% ->BE@+15%,4575.0,3561.4,2021-07-28,4177.0,RANK_DROP,Dropped out of top-25 (momentum faded); sold at close 4177,16.7
PRINCEPIPE,2021-05-26,731.8,22,47.88,167.0,55.0,n/a,"Rank #22 of 575 by 6m-return/volatility | 6m +167%, vol ~55%/yr",600.1,-18%,758.0,600.1,2021-08-26,600.1,STOP_LOSS,"Stop-loss hit at 600; had peaked +4%, SL trailed to 600",-18.6
ELECON,2021-05-26,50.7,19,48.88,236.0,77.0,93.0,"Rank #19 of 575 by 6m-return/volatility | 6m +236%, vol ~77%/yr, 5y +93% (not over-extended)",41.6,-18% ->BE@+15% ->20%-trail,88.9,71.1,2021-08-23,71.1,STOP_LOSS,"Stop-loss hit at 71; had peaked +75%, SL trailed to 71",39.5
BALAMINES,2021-05-26,2777.8,18,48.95,191.0,62.0,1324.0,"Rank #18 of 575 by 6m-return/volatility | 6m +191%, vol ~62%/yr, 5y +1324%",2277.8,-18% ->BE@+15% ->20%-trail,5223.6,4178.8,2021-10-20,4178.8,STOP_LOSS,"Stop-loss hit at 4179; had peaked +88%, SL trailed to 4179",49.8
SKFINDIA,2021-06-25,1119.2,18,46.83,58.0,20.0,110.0,"Rank #18 of 641 by 6m-return/volatility | 6m +58%, vol ~20%/yr, 5y +110% (not over-extended)",917.8,-18% ->BE@+15%,1299.3,1119.2,2021-07-28,1224.5,RANK_DROP,Dropped out of top-25 (momentum faded); sold at close 1224,8.8
DEEPAKNTR,2021-06-25,1728.3,16,47.51,105.0,35.0,2084.0,"Rank #16 of 641 by 6m-return/volatility | 6m +105%, vol ~35%/yr, 5y +2084%",1417.2,-18%,1935.7,1417.2,2021-07-28,1839.4,RANK_DROP,Dropped out of top-25 (momentum faded); sold at close 1839,5.8
SALASAR,2021-06-25,8.6,7,59.32,202.0,54.0,n/a,"Rank #7 of 641 by 6m-return/volatility | 6m +202%, vol ~54%/yr",7.1,-18%,9.4,7.1,2021-07-28,8.2,RANK_DROP,Dropped out of top-25 (momentum faded); sold at close 8,-5.7
RTNPOWER,2021-06-25,3.7,2,67.15,241.0,57.0,-46.0,"Rank #2 of 641 by 6m-return/volatility | 6m +241%, vol ~57%/yr, 5y -46% (not over-extended)",3.1,-18% ->BE@+15% ->20%-trail,5.2,4.1,2021-10-26,4.1,STOP_LOSS,"Stop-loss hit at 4; had peaked +39%, SL trailed to 4",10.3
POLYCAB,2021-06-25,1895.2,12,50.12,96.0,30.0,n/a,"Rank #12 of 641 by 6m-return/volatility | 6m +96%, vol ~30%/yr",1554.1,-18%,1968.3,1554.1,2021-07-28,1734.6,RANK_DROP,Dropped out of top-25 (momentum faded); sold at close 1735,-9.1
MAXHEALTH,2021-06-25,279.9,21,46.12,97.0,33.0,n/a,"Rank #21 of 641 by 6m-return/volatility | 6m +97%, vol ~33%/yr",229.5,-18%,316.3,229.5,2021-07-28,299.7,RANK_DROP,Dropped out of top-25 (momentum faded); sold at close 300,6.5
FSL,2021-06-25,168.2,11,50.47,134.0,42.0,318.0,"Rank #11 of 641 by 6m-return/volatility | 6m +134%, vol ~42%/yr, 5y +318%",138.0,-18% ->BE@+15% ->20%-trail,242.8,194.3,2021-07-28,204.3,RANK_DROP,Dropped out of top-25 (momentum faded); sold at close 204,20.8
GRASIM,2021-06-25,1506.8,19,46.74,72.0,24.0,71.0,"Rank #19 of 641 by 6m-return/volatility | 6m +72%, vol ~24%/yr, 5y +71% (not over-extended)",1235.6,-18%,1599.5,1235.6,2021-07-28,1533.6,RANK_DROP,Dropped out of top-25 (momentum faded); sold at close 1534,1.2
TATAMTRDVR,2021-06-25,155.7,10,51.25,129.0,40.0,-47.0,"Rank #10 of 641 by 6m-return/volatility | 6m +129%, vol ~40%/yr, 5y -47% (not over-extended)",127.7,-18%,160.5,127.7,2021-07-28,134.0,RANK_DROP,Dropped out of top-25 (momentum faded); sold at close 134,-14.5
RELCAPITAL,2021-06-25,16.5,1,92.98,329.0,56.0,-92.0,"Rank #1 of 641 by 6m-return/volatility | 6m +329%, vol ~56%/yr, 5y -92% (not over-extended)",13.5,-18%,16.6,13.5,2021-07-02,13.5,STOP_LOSS,"Stop-loss hit at 13; had peaked +1%, SL trailed to 13",-18.6
MASTEK,2021-06-25,2275.7,23,45.8,130.0,45.0,1470.0,"Rank #23 of 641 by 6m-return/volatility | 6m +130%, vol ~45%/yr, 5y +1470%",1866.1,-18% ->BE@+15%,2875.0,2275.7,2021-07-28,2571.5,RANK_DROP,Dropped out of top-25 (momentum faded); sold at close 2572,12.4
PANAMAPET,2021-06-25,240.6,15,47.94,174.0,58.0,361.0,"Rank #15 of 641 by 6m-return/volatility | 6m +174%, vol ~58%/yr, 5y +361%",197.3,-18%,272.0,197.3,2021-07-28,266.0,RANK_DROP,Dropped out of top-25 (momentum faded); sold at close 266,10.0
BAJAJHIND,2021-06-25,12.6,17,47.12,207.0,70.0,-3.0,"Rank #17 of 641 by 6m-return/volatility | 6m +207%, vol ~70%/yr, 5y -3% (not over-extended)",10.4,-18% ->BE@+15% ->20%-trail,17.6,14.1,2021-10-13,14.1,STOP_LOSS,"Stop-loss hit at 14; had peaked +40%, SL trailed to 14",11.1
TRIVENI,2021-06-25,183.3,25,44.35,184.0,66.0,319.0,"Rank #25 of 641 by 6m-return/volatility | 6m +184%, vol ~66%/yr, 5y +319%",150.3,-18%,200.0,150.3,2021-07-28,168.8,RANK_DROP,Dropped out of top-25 (momentum faded); sold at close 169,-8.5
RENUKA,2021-06-25,24.4,22,45.98,194.0,67.0,159.0,"Rank #22 of 641 by 6m-return/volatility | 6m +194%, vol ~67%/yr, 5y +159% (not over-extended)",20.0,-18% ->BE@+15% ->20%-trail,32.8,26.2,2021-11-01,26.2,STOP_LOSS,"Stop-loss hit at 26; had peaked +34%, SL trailed to 26",6.8
FACT,2021-06-25,128.3,20,46.67,167.0,57.0,816.0,"Rank #20 of 641 by 6m-return/volatility | 6m +167%, vol ~57%/yr, 5y +816%",105.2,-18%,139.0,105.2,2021-07-28,126.4,RANK_DROP,Dropped out of top-25 (momentum faded); sold at close 126,-2.1
DALMIASUG,2021-06-25,397.1,24,45.59,221.0,77.0,415.0,"Rank #24 of 641 by 6m-return/volatility | 6m +221%, vol ~77%/yr, 5y +415%",325.6,-18% ->BE@+15%,472.7,397.1,2021-08-09,389.0,STOP_LOSS,"Stop-loss hit at 389; had peaked +19%, SL trailed to 397",-2.6
KPITTECH,2021-06-25,236.5,14,48.22,126.0,41.0,n/a,"Rank #14 of 641 by 6m-return/volatility | 6m +126%, vol ~41%/yr",194.0,-18% ->BE@+15% ->20%-trail,377.8,302.2,2021-08-24,302.2,STOP_LOSS,"Stop-loss hit at 302; had peaked +60%, SL trailed to 302",27.2
HAPPSTMNDS,2021-06-25,738.5,6,62.96,191.0,48.0,n/a,"Rank #6 of 641 by 6m-return/volatility | 6m +191%, vol ~48%/yr",605.6,-18% ->BE@+15% ->20%-trail,1239.5,991.6,2021-07-28,1088.0,RANK_DROP,Dropped out of top-25 (momentum faded); sold at close 1088,46.7
TNPETRO,2021-06-25,118.1,13,49.66,185.0,59.0,475.0,"Rank #13 of 641 by 6m-return/volatility | 6m +185%, vol ~59%/yr, 5y +475%",96.9,-18% ->BE@+15% ->20%-trail,157.0,125.6,2021-08-11,125.6,STOP_LOSS,"Stop-loss hit at 126; had peaked +33%, SL trailed to 126",5.7
NITINSPIN,2021-07-28,204.9,10,53.68,165.0,49.0,118.0,"Rank #10 of 641 by 6m-return/volatility | 6m +165%, vol ~49%/yr, 5y +118% (not over-extended)",168.0,-18% ->BE@+15% ->20%-trail,272.7,218.2,2021-11-29,218.2,STOP_LOSS,"Stop-loss hit at 218; had peaked +33%, SL trailed to 218",5.9
GOLDIAM,2021-07-28,137.5,4,69.7,185.0,42.0,711.0,"Rank #4 of 641 by 6m-return/volatility | 6m +185%, vol ~42%/yr, 5y +711%",112.7,-18% ->BE@+15% ->20%-trail,183.4,146.7,2021-08-30,170.3,RANK_DROP,Dropped out of top-25 (momentum faded); sold at close 170,23.3
JSWENERGY,2021-07-28,305.8,1,82.49,241.0,46.0,198.0,"Rank #1 of 641 by 6m-return/volatility | 6m +241%, vol ~46%/yr, 5y +198% (not over-extended)",250.7,-18%,314.7,250.7,2022-05-09,250.7,STOP_LOSS,"Stop-loss hit at 251; had peaked +3%, SL trailed to 251",-18.6
JKLAKSHMI,2021-07-28,725.2,12,52.41,121.0,37.0,92.0,"Rank #12 of 641 by 6m-return/volatility | 6m +121%, vol ~37%/yr, 5y +92% (not over-extended)",594.7,-18%,816.0,594.7,2021-08-30,707.0,RANK_DROP,Dropped out of top-25 (momentum faded); sold at close 707,-3.1
AMBUJACEM,2021-07-28,409.4,22,46.74,62.0,21.0,69.0,"Rank #22 of 641 by 6m-return/volatility | 6m +62%, vol ~21%/yr, 5y +69% (not over-extended)",335.7,-18%,427.4,335.7,2021-08-30,417.7,RANK_DROP,Dropped out of top-25 (momentum faded); sold at close 418,1.4
HINDCOPPER,2021-07-28,139.5,21,46.85,148.0,50.0,168.0,"Rank #21 of 641 by 6m-return/volatility | 6m +148%, vol ~50%/yr, 5y +168% (not over-extended)",114.4,-18%,148.3,114.4,2021-08-20,114.0,STOP_LOSS,"Stop-loss hit at 114; had peaked +6%, SL trailed to 114",-18.8
LINDEINDIA,2021-07-28,1728.6,16,50.54,86.0,27.0,400.0,"Rank #16 of 641 by 6m-return/volatility | 6m +86%, vol ~27%/yr, 5y +400%",1417.4,-18% ->BE@+15% ->20%-trail,2750.0,2200.0,2021-08-30,2343.7,RANK_DROP,Dropped out of top-25 (momentum faded); sold at close 2344,35.0
HIL,2021-07-28,5465.8,15,50.59,150.0,47.0,868.0,"Rank #15 of 641 by 6m-return/volatility | 6m +150%, vol ~47%/yr, 5y +868%",4482.0,-18% ->BE@+15%,6758.0,5465.8,2021-08-10,5465.8,STOP_LOSS,"Stop-loss hit at 5466; had peaked +24%, SL trailed to 5466",-0.6
ASTRAL,2021-07-28,2031.6,24,45.7,71.0,25.0,554.0,"Rank #24 of 641 by 6m-return/volatility | 6m +71%, vol ~25%/yr, 5y +554%",1665.9,-18%,2294.4,1665.9,2021-08-30,2006.0,RANK_DROP,Dropped out of top-25 (momentum faded); sold at close 2006,-1.9
HITECH,2021-07-28,71.9,5,66.62,182.0,43.0,n/a,"Rank #5 of 641 by 6m-return/volatility | 6m +182%, vol ~43%/yr",59.0,-18%,76.4,59.0,2021-08-06,59.0,STOP_LOSS,"Stop-loss hit at 59; had peaked +6%, SL trailed to 59",-18.6
GUJGASLTD,2021-07-28,640.8,20,47.76,94.0,31.0,514.0,"Rank #20 of 641 by 6m-return/volatility | 6m +94%, vol ~31%/yr, 5y +514%",525.5,-18%,714.1,525.5,2021-08-30,646.2,RANK_DROP,Dropped out of top-25 (momentum faded); sold at close 646,0.2
GOODLUCK,2021-07-28,211.1,18,49.95,258.0,82.0,219.0,"Rank #18 of 641 by 6m-return/volatility | 6m +258%, vol ~82%/yr, 5y +219%",173.1,-18% ->BE@+15%,269.3,211.1,2021-08-23,211.1,STOP_LOSS,"Stop-loss hit at 211; had peaked +28%, SL trailed to 211",-0.6
COSMOFILMS,2021-07-28,775.4,6,60.76,165.0,43.0,245.0,"Rank #6 of 641 by 6m-return/volatility | 6m +165%, vol ~43%/yr, 5y +245%",635.8,-18% ->BE@+15%,975.9,775.4,2021-08-11,775.4,STOP_LOSS,"Stop-loss hit at 775; had peaked +26%, SL trailed to 775",-0.6
KPRMILL,2021-07-28,433.9,8,56.48,121.0,34.0,243.0,"Rank #8 of 641 by 6m-return/volatility | 6m +121%, vol ~34%/yr, 5y +243%",355.8,-18% ->BE@+15%,516.6,433.9,2021-09-24,426.3,STOP_LOSS,"Stop-loss hit at 426; had peaked +19%, SL trailed to 434",-2.4
HIKAL,2021-07-28,532.8,9,53.97,218.0,64.0,364.0,"Rank #9 of 641 by 6m-return/volatility | 6m +218%, vol ~64%/yr, 5y +364%",436.9,-18% ->BE@+15%,653.8,532.8,2021-08-10,532.8,STOP_LOSS,"Stop-loss hit at 533; had peaked +23%, SL trailed to 533",-0.6
LUXIND,2021-07-28,3968.9,23,45.72,158.0,55.0,558.0,"Rank #23 of 641 by 6m-return/volatility | 6m +158%, vol ~55%/yr, 5y +558%",3254.5,-18%,4168.7,3254.5,2021-10-25,3254.5,STOP_LOSS,"Stop-loss hit at 3254; had peaked +5%, SL trailed to 3254",-18.6
FLUOROCHEM,2021-07-28,1392.3,11,52.63,175.0,53.0,n/a,"Rank #11 of 641 by 6m-return/volatility | 6m +175%, vol ~53%/yr",1141.7,-18% ->BE@+15% ->20%-trail,1841.8,1473.4,2021-10-25,1473.4,STOP_LOSS,"Stop-loss hit at 1473; had peaked +32%, SL trailed to 1473",5.2
SSWL,2021-08-30,184.8,5,61.9,205.0,52.0,261.0,"Rank #5 of 608 by 6m-return/volatility | 6m +205%, vol ~52%/yr, 5y +261%",151.5,-18%,188.0,151.5,2021-12-28,171.3,RANK_DROP,Dropped out of top-25 (momentum faded); sold at close 171,-7.9
TATASTEEL,2021-08-30,149.7,23,41.18,98.0,38.0,291.0,"Rank #23 of 608 by 6m-return/volatility | 6m +98%, vol ~38%/yr, 5y +291%",122.8,-18%,153.4,122.8,2021-09-30,134.0,RANK_DROP,Dropped out of top-25 (momentum faded); sold at close 134,-11.1
FAIRCHEMOR,2021-08-30,1804.2,18,44.28,199.0,72.0,n/a,"Rank #18 of 608 by 6m-return/volatility | 6m +199%, vol ~72%/yr",1479.4,-18%,1955.7,1479.4,2021-09-30,1775.2,RANK_DROP,Dropped out of top-25 (momentum faded); sold at close 1775,-2.2
PITTIENG,2021-08-30,153.8,21,41.82,157.0,60.0,n/a,"Rank #21 of 608 by 6m-return/volatility | 6m +157%, vol ~60%/yr",126.1,-18%,169.0,126.1,2021-09-30,153.6,RANK_DROP,Dropped out of top-25 (momentum faded); sold at close 154,-0.7
DEEPAKNTR,2021-08-30,2197.8,20,41.93,76.0,29.0,2163.0,"Rank #20 of 608 by 6m-return/volatility | 6m +76%, vol ~29%/yr, 5y +2163%",1802.2,-18%,2446.4,1802.2,2021-09-30,2329.8,RANK_DROP,Dropped out of top-25 (momentum faded); sold at close 2330,5.4
ALKYLAMINE,2021-08-30,4347.2,25,40.04,98.0,39.0,2996.0,"Rank #25 of 608 by 6m-return/volatility | 6m +98%, vol ~39%/yr, 5y +2996%",3564.7,-18%,4379.0,3564.7,2021-09-30,3825.6,RANK_DROP,Dropped out of top-25 (momentum faded); sold at close 3826,-12.6
GODREJCP,2021-08-30,1155.8,22,41.32,60.0,23.0,101.0,"Rank #22 of 608 by 6m-return/volatility | 6m +60%, vol ~23%/yr, 5y +101% (not over-extended)",947.8,-18%,1209.5,947.8,2021-09-30,1094.6,RANK_DROP,Dropped out of top-25 (momentum faded); sold at close 1095,-5.9
DYNAMATECH,2021-08-30,1807.4,10,55.51,191.0,55.0,-5.0,"Rank #10 of 608 by 6m-return/volatility | 6m +191%, vol ~55%/yr, 5y -5% (not over-extended)",1482.1,-18% ->BE@+15% ->20%-trail,2595.8,2076.6,2021-09-30,2293.5,RANK_DROP,Dropped out of top-25 (momentum faded); sold at close 2293,26.3
BALRAMCHIN,2021-08-30,369.0,19,42.03,106.0,40.0,197.0,"Rank #19 of 608 by 6m-return/volatility | 6m +106%, vol ~40%/yr, 5y +197% (not over-extended)",302.5,-18%,378.4,302.5,2021-09-30,366.5,RANK_DROP,Dropped out of top-25 (momentum faded); sold at close 366,-1.3
COFORGE,2021-08-30,1039.2,12,54.57,108.0,31.0,n/a,"Rank #12 of 608 by 6m-return/volatility | 6m +108%, vol ~31%/yr",852.1,-18%,1183.5,852.1,2021-09-30,1063.5,RANK_DROP,Dropped out of top-25 (momentum faded); sold at close 1063,1.7
SRF,2021-08-30,1815.9,16,46.59,80.0,27.0,534.0,"Rank #16 of 608 by 6m-return/volatility | 6m +80%, vol ~27%/yr, 5y +534%",1489.1,-18% ->BE@+15% ->20%-trail,2457.1,1965.7,2021-11-02,2043.4,RANK_DROP,Dropped out of top-25 (momentum faded); sold at close 2043,11.9
MASTEK,2021-08-30,2596.9,15,47.51,118.0,39.0,1900.0,"Rank #15 of 608 by 6m-return/volatility | 6m +118%, vol ~39%/yr, 5y +1900%",2129.5,-18% ->BE@+15% ->20%-trail,3669.0,2935.2,2021-10-20,2935.2,STOP_LOSS,"Stop-loss hit at 2935; had peaked +41%, SL trailed to 2935",12.4
MINDTREE,2021-08-30,3600.2,3,66.7,125.0,30.0,487.0,"Rank #3 of 608 by 6m-return/volatility | 6m +125%, vol ~30%/yr, 5y +487%",2952.2,-18% ->BE@+15% ->20%-trail,5060.0,4048.0,2022-01-05,4688.2,RANK_DROP,Dropped out of top-25 (momentum faded); sold at close 4688,29.6
PERSISTENT,2021-08-30,1634.9,13,52.69,101.0,30.0,392.0,"Rank #13 of 608 by 6m-return/volatility | 6m +101%, vol ~30%/yr, 5y +392%",1340.6,-18% ->BE@+15% ->20%-trail,2453.6,1962.8,2022-01-05,2301.8,RANK_DROP,Dropped out of top-25 (momentum faded); sold at close 2302,40.2
SEAMECLTD,2021-09-30,1016.4,18,50.02,162.0,52.0,1372.0,"Rank #18 of 595 by 6m-return/volatility | 6m +162%, vol ~52%/yr, 5y +1372%",833.5,-18%,1108.9,833.5,2022-01-24,987.7,RANK_DROP,Dropped out of top-25 (momentum faded); sold at close 988,-3.4
SHREYAS,2021-09-30,383.0,1,108.21,392.0,57.0,61.0,"Rank #1 of 595 by 6m-return/volatility | 6m +392%, vol ~57%/yr, 5y +61% (not over-extended)",314.0,-18% ->BE@+15%,465.5,383.0,2021-10-18,383.0,STOP_LOSS,"Stop-loss hit at 383; had peaked +22%, SL trailed to 383",-0.6
GNA,2021-09-30,521.9,22,48.83,171.0,56.0,n/a,"Rank #22 of 595 by 6m-return/volatility | 6m +171%, vol ~56%/yr",427.9,-18% ->BE@+15%,614.9,521.9,2021-10-20,521.9,STOP_LOSS,"Stop-loss hit at 522; had peaked +18%, SL trailed to 522",-0.6
HLEGLAS,2021-09-30,1231.3,17,51.72,192.0,59.0,n/a,"Rank #17 of 595 by 6m-return/volatility | 6m +192%, vol ~59%/yr",1009.7,-18% ->BE@+15%,1430.1,1231.3,2021-10-25,1231.3,STOP_LOSS,"Stop-loss hit at 1231; had peaked +16%, SL trailed to 1231",-0.6
NELCO,2021-09-30,478.8,8,60.0,279.0,74.0,843.0,"Rank #8 of 595 by 6m-return/volatility | 6m +279%, vol ~74%/yr, 5y +843%",392.6,-18% ->BE@+15% ->20%-trail,706.5,565.2,2022-02-23,565.2,STOP_LOSS,"Stop-loss hit at 565; had peaked +48%, SL trailed to 565",17.5
KIRLOSBROS,2021-09-30,376.0,5,73.89,302.0,65.0,311.0,"Rank #5 of 595 by 6m-return/volatility | 6m +302%, vol ~65%/yr, 5y +311%",308.3,-18%,407.6,308.3,2021-12-06,364.5,RANK_DROP,Dropped out of top-25 (momentum faded); sold at close 364,-3.7
TATAELXSI,2021-09-30,5594.0,19,49.48,111.0,36.0,637.0,"Rank #19 of 595 by 6m-return/volatility | 6m +111%, vol ~36%/yr, 5y +637%",4587.1,-18% ->BE@+15%,6610.0,5594.0,2021-11-02,6079.6,RANK_DROP,Dropped out of top-25 (momentum faded); sold at close 6080,8.1
TIRUMALCHM,2021-09-30,343.0,11,57.67,252.0,69.0,613.0,"Rank #11 of 595 by 6m-return/volatility | 6m +252%, vol ~69%/yr, 5y +613%",281.3,-18%,377.9,281.3,2021-11-02,291.0,RANK_DROP,Dropped out of top-25 (momentum faded); sold at close 291,-15.8
RKFORGE,2021-09-30,232.9,15,54.8,119.0,34.0,196.0,"Rank #15 of 595 by 6m-return/volatility | 6m +119%, vol ~34%/yr, 5y +196% (not over-extended)",191.0,-18% ->BE@+15%,271.1,232.9,2021-11-01,232.9,STOP_LOSS,"Stop-loss hit at 233; had peaked +16%, SL trailed to 233",-0.6
SAKSOFT,2021-09-30,79.5,14,55.27,208.0,60.0,431.0,"Rank #14 of 595 by 6m-return/volatility | 6m +208%, vol ~60%/yr, 5y +431%",65.2,-18%,81.4,65.2,2021-10-25,65.2,STOP_LOSS,"Stop-loss hit at 65; had peaked +2%, SL trailed to 65",-18.6
ANANTRAJ,2021-09-30,73.5,9,58.01,182.0,50.0,261.0,"Rank #9 of 595 by 6m-return/volatility | 6m +182%, vol ~50%/yr, 5y +261%",60.2,-18% ->BE@+15%,91.5,73.5,2021-12-17,79.1,RANK_DROP,Dropped out of top-25 (momentum faded); sold at close 79,7.1
GPIL,2021-09-30,65.5,21,49.14,217.0,70.0,1462.0,"Rank #21 of 595 by 6m-return/volatility | 6m +217%, vol ~70%/yr, 5y +1462%",53.7,-18% ->BE@+15%,76.6,65.5,2021-10-26,63.2,STOP_LOSS,"Stop-loss hit at 63; had peaked +17%, SL trailed to 66",-4.2
MANINFRA,2021-09-30,101.6,10,57.76,183.0,50.0,148.0,"Rank #10 of 595 by 6m-return/volatility | 6m +183%, vol ~50%/yr, 5y +148% (not over-extended)",83.3,-18% ->BE@+15% ->20%-trail,135.4,108.3,2021-11-17,89.6,STOP_LOSS,"Stop-loss hit at 90; had peaked +33%, SL trailed to 108",-12.5
MANALIPETC,2021-09-30,115.2,4,75.14,252.0,53.0,283.0,"Rank #4 of 595 by 6m-return/volatility | 6m +252%, vol ~53%/yr, 5y +283%",94.5,-18% ->BE@+15%,133.3,115.2,2021-11-01,115.2,STOP_LOSS,"Stop-loss hit at 115; had peaked +16%, SL trailed to 115",-0.6
IIFL,2021-09-30,250.2,13,55.69,154.0,44.0,247.0,"Rank #13 of 595 by 6m-return/volatility | 6m +154%, vol ~44%/yr, 5y +247%",205.2,-18% ->BE@+15% ->20%-trail,337.4,269.9,2021-11-29,265.7,STOP_LOSS,"Stop-loss hit at 266; had peaked +35%, SL trailed to 270",5.6
ADANIPOWER,2021-09-30,18.9,23,48.49,203.0,66.0,395.0,"Rank #23 of 595 by 6m-return/volatility | 6m +203%, vol ~66%/yr, 5y +395%",15.5,-18% ->BE@+15% ->20%-trail,27.1,21.7,2021-11-11,25.8,RANK_DROP,Dropped out of top-25 (momentum faded); sold at close 26,35.9
RPOWER,2021-11-02,5.6,5,71.9,313.0,69.0,-44.0,"Rank #5 of 644 by 6m-return/volatility | 6m +313%, vol ~69%/yr, 5y -44% (not over-extended)",4.6,-18% ->BE@+15%,6.4,5.6,2022-01-17,6.4,RANK_DROP,Dropped out of top-25 (momentum faded); sold at close 6,14.6
DATAMATICS,2021-11-02,334.6,16,52.36,180.0,55.0,307.0,"Rank #16 of 644 by 6m-return/volatility | 6m +180%, vol ~55%/yr, 5y +307%",274.4,-18%,348.5,274.4,2021-12-06,285.8,RANK_DROP,Dropped out of top-25 (momentum faded); sold at close 286,-15.2
GOLDIAM,2021-11-02,234.8,23,42.35,171.0,64.0,1205.0,"Rank #23 of 644 by 6m-return/volatility | 6m +171%, vol ~64%/yr, 5y +1205%",192.5,-18%,252.0,192.5,2021-11-29,192.5,STOP_LOSS,"Stop-loss hit at 193; had peaked +7%, SL trailed to 193",-18.6
RTNPOWER,2021-11-02,4.2,25,41.86,153.0,58.0,-34.0,"Rank #25 of 644 by 6m-return/volatility | 6m +153%, vol ~58%/yr, 5y -34% (not over-extended)",3.5,-18%,4.4,3.5,2021-12-06,4.4,RANK_DROP,Dropped out of top-25 (momentum faded); sold at close 4,1.9
HGINFRA,2021-11-02,773.0,14,55.24,167.0,48.0,n/a,"Rank #14 of 644 by 6m-return/volatility | 6m +167%, vol ~48%/yr",633.9,-18%,815.0,633.9,2021-11-22,633.9,STOP_LOSS,"Stop-loss hit at 634; had peaked +5%, SL trailed to 634",-18.6
DEEPAKFERT,2021-11-02,382.4,15,53.8,184.0,54.0,194.0,"Rank #15 of 644 by 6m-return/volatility | 6m +184%, vol ~54%/yr, 5y +194% (not over-extended)",313.5,-18%,386.3,313.5,2021-12-06,335.0,RANK_DROP,Dropped out of top-25 (momentum faded); sold at close 335,-13.0
CRAFTSMAN,2021-11-02,2701.3,21,46.17,103.0,35.0,n/a,"Rank #21 of 644 by 6m-return/volatility | 6m +103%, vol ~35%/yr",2215.0,-18%,2757.9,2215.0,2021-11-29,2215.0,STOP_LOSS,"Stop-loss hit at 2215; had peaked +2%, SL trailed to 2215",-18.6
TCI,2021-11-02,772.2,18,51.23,190.0,59.0,336.0,"Rank #18 of 644 by 6m-return/volatility | 6m +190%, vol ~59%/yr, 5y +336%",633.2,-18%,838.4,633.2,2021-11-22,633.2,STOP_LOSS,"Stop-loss hit at 633; had peaked +9%, SL trailed to 633",-18.6
BCG,2021-11-02,33.0,2,113.79,441.0,62.0,n/a,"Rank #2 of 644 by 6m-return/volatility | 6m +441%, vol ~62%/yr",27.1,-18% ->BE@+15% ->20%-trail,60.2,48.2,2022-03-11,53.1,RANK_DROP,Dropped out of top-25 (momentum faded); sold at close 53,60.3
BSE,2021-11-02,152.6,24,42.15,118.0,45.0,n/a,"Rank #24 of 644 by 6m-return/volatility | 6m +118%, vol ~45%/yr",125.1,-18% ->BE@+15% ->20%-trail,222.3,177.8,2021-12-06,209.2,RANK_DROP,Dropped out of top-25 (momentum faded); sold at close 209,36.5
GOKEX,2021-11-02,263.1,19,48.16,152.0,50.0,251.0,"Rank #19 of 644 by 6m-return/volatility | 6m +152%, vol ~50%/yr, 5y +251%",215.7,-18% ->BE@+15%,330.1,263.1,2021-12-06,296.9,RANK_DROP,Dropped out of top-25 (momentum faded); sold at close 297,12.3
BESTAGRO,2021-11-02,45.5,7,68.59,240.0,56.0,n/a,"Rank #7 of 644 by 6m-return/volatility | 6m +240%, vol ~56%/yr",37.3,-18%,48.9,37.3,2021-11-29,37.3,STOP_LOSS,"Stop-loss hit at 37; had peaked +7%, SL trailed to 37",-18.6
XPROINDIA,2021-11-02,447.2,1,156.03,628.0,64.0,366.0,"Rank #1 of 644 by 6m-return/volatility | 6m +628%, vol ~64%/yr, 5y +366%",366.7,-18% ->BE@+15% ->20%-trail,671.6,537.3,2021-12-06,669.9,RANK_DROP,Dropped out of top-25 (momentum faded); sold at close 670,49.2
TTML,2021-11-02,43.0,11,57.4,301.0,83.0,143.0,"Rank #11 of 644 by 6m-return/volatility | 6m +301%, vol ~83%/yr, 5y +143% (not over-extended)",35.3,-18% ->BE@+15% ->20%-trail,101.5,81.2,2021-12-06,101.5,RANK_DROP,Dropped out of top-25 (momentum faded); sold at close 101,135.4
TRIDENT,2021-11-02,33.8,13,55.9,184.0,52.0,557.0,"Rank #13 of 644 by 6m-return/volatility | 6m +184%, vol ~52%/yr, 5y +557%",27.7,-18% ->BE@+15% ->20%-trail,50.4,40.3,2021-12-02,39.5,STOP_LOSS,"Stop-loss hit at 40; had peaked +49%, SL trailed to 40",16.5
CDSL,2021-11-02,717.8,3,76.16,216.0,45.0,n/a,"Rank #3 of 644 by 6m-return/volatility | 6m +216%, vol ~45%/yr",588.6,-18% ->BE@+15%,845.8,717.8,2021-11-29,717.8,STOP_LOSS,"Stop-loss hit at 718; had peaked +18%, SL trailed to 718",-0.6
RENUKA,2021-11-02,27.0,9,59.32,248.0,66.0,135.0,"Rank #9 of 644 by 6m-return/volatility | 6m +248%, vol ~66%/yr, 5y +135% (not over-extended)",22.1,-18% ->BE@+15% ->20%-trail,40.6,32.5,2022-02-22,31.1,STOP_LOSS,"Stop-loss hit at 31; had peaked +51%, SL trailed to 32",15.0
SSWL,2021-12-06,170.5,11,50.46,168.0,53.0,241.0,"Rank #11 of 563 by 6m-return/volatility | 6m +168%, vol ~53%/yr, 5y +241%",139.8,-18%,188.0,139.8,2022-01-05,175.3,RANK_DROP,Dropped out of top-25 (momentum faded); sold at close 175,2.2
LODHA,2021-12-06,746.5,18,37.13,130.0,56.0,n/a,"Rank #18 of 563 by 6m-return/volatility | 6m +130%, vol ~56%/yr",612.1,-18%,765.4,612.1,2021-12-17,612.1,STOP_LOSS,"Stop-loss hit at 612; had peaked +3%, SL trailed to 612",-18.6
NITINSPIN,2021-12-06,218.4,7,56.71,198.0,56.0,139.0,"Rank #7 of 563 by 6m-return/volatility | 6m +198%, vol ~56%/yr, 5y +139% (not over-extended)",179.1,-18%,249.7,179.1,2022-02-01,232.6,RANK_DROP,Dropped out of top-25 (momentum faded); sold at close 233,5.9
GRAVITA,2021-12-06,146.4,20,36.36,98.0,43.0,463.0,"Rank #20 of 563 by 6m-return/volatility | 6m +98%, vol ~43%/yr, 5y +463%",120.1,-18% ->BE@+15% ->20%-trail,237.9,190.3,2022-01-05,221.4,RANK_DROP,Dropped out of top-25 (momentum faded); sold at close 221,50.6
GPIL,2021-12-06,51.6,25,31.45,140.0,70.0,923.0,"Rank #25 of 563 by 6m-return/volatility | 6m +140%, vol ~70%/yr, 5y +923%",42.3,-18% ->BE@+15%,59.5,51.6,2022-01-05,55.2,RANK_DROP,Dropped out of top-25 (momentum faded); sold at close 55,6.4
LYKALABS,2021-12-06,108.4,2,151.52,491.0,51.0,254.0,"Rank #2 of 563 by 6m-return/volatility | 6m +491%, vol ~51%/yr, 5y +254%",88.9,-18% ->BE@+15% ->20%-trail,145.2,116.2,2022-03-29,116.2,STOP_LOSS,"Stop-loss hit at 116; had peaked +34%, SL trailed to 116",6.6
TANLA,2021-12-06,1595.5,19,36.74,116.0,50.0,5338.0,"Rank #19 of 563 by 6m-return/volatility | 6m +116%, vol ~50%/yr, 5y +5338%",1308.3,-18% ->BE@+15%,2024.0,1595.5,2022-01-05,1769.2,RANK_DROP,Dropped out of top-25 (momentum faded); sold at close 1769,10.3
MTARTECH,2021-12-06,2383.9,22,32.99,120.0,58.0,n/a,"Rank #22 of 563 by 6m-return/volatility | 6m +120%, vol ~58%/yr",1954.8,-18%,2698.6,1954.8,2022-01-05,2531.5,RANK_DROP,Dropped out of top-25 (momentum faded); sold at close 2531,5.6
JBMA,2021-12-06,207.7,17,38.82,174.0,71.0,478.0,"Rank #17 of 563 by 6m-return/volatility | 6m +174%, vol ~71%/yr, 5y +478%",170.3,-18%,237.5,170.3,2022-01-05,221.5,RANK_DROP,Dropped out of top-25 (momentum faded); sold at close 221,6.0
ALLCARGO,2021-12-06,29.8,16,39.27,155.0,63.0,96.0,"Rank #16 of 563 by 6m-return/volatility | 6m +155%, vol ~63%/yr, 5y +96% (not over-extended)",24.4,-18% ->BE@+15%,35.9,29.8,2022-01-05,34.1,RANK_DROP,Dropped out of top-25 (momentum faded); sold at close 34,14.0
HGS,2021-12-06,1380.7,21,34.83,118.0,54.0,516.0,"Rank #21 of 563 by 6m-return/volatility | 6m +118%, vol ~54%/yr, 5y +516%",1132.2,-18% ->BE@+15% ->20%-trail,1878.6,1502.8,2022-01-07,1369.1,STOP_LOSS,"Stop-loss hit at 1369; had peaked +36%, SL trailed to 1503",-1.4
LTTS,2021-12-06,5248.0,14,40.46,94.0,37.0,621.0,"Rank #14 of 563 by 6m-return/volatility | 6m +94%, vol ~37%/yr, 5y +621%",4303.3,-18%,5955.5,4303.3,2022-02-07,4444.6,RANK_DROP,Dropped out of top-25 (momentum faded); sold at close 4445,-15.9
HFCL,2021-12-06,81.3,12,44.86,197.0,70.0,444.0,"Rank #12 of 563 by 6m-return/volatility | 6m +197%, vol ~70%/yr, 5y +444%",66.7,-18% ->BE@+15%,97.3,81.3,2021-12-17,81.3,STOP_LOSS,"Stop-loss hit at 81; had peaked +20%, SL trailed to 81",-0.6
KOPRAN,2021-12-06,210.8,6,59.63,189.0,50.0,657.0,"Rank #6 of 563 by 6m-return/volatility | 6m +189%, vol ~50%/yr, 5y +657%",172.9,-18% ->BE@+15% ->20%-trail,283.1,226.5,2022-01-18,226.5,STOP_LOSS,"Stop-loss hit at 227; had peaked +34%, SL trailed to 227",6.9
ZENTEC,2021-12-06,159.6,15,39.44,186.0,75.0,265.0,"Rank #15 of 563 by 6m-return/volatility | 6m +186%, vol ~75%/yr, 5y +265%",130.9,-18% ->BE@+15%,200.6,159.6,2021-12-20,159.6,STOP_LOSS,"Stop-loss hit at 160; had peaked +26%, SL trailed to 160",-0.6
SEAMECLTD,2022-01-05,1032.3,11,56.71,184.0,52.0,1282.0,"Rank #11 of 549 by 6m-return/volatility | 6m +184%, vol ~52%/yr, 5y +1282%",846.5,-18%,1093.6,846.5,2022-02-07,1007.6,RANK_DROP,Dropped out of top-25 (momentum faded); sold at close 1008,-3.0
EKC,2022-01-05,240.1,17,48.79,168.0,55.0,1448.0,"Rank #17 of 549 by 6m-return/volatility | 6m +168%, vol ~55%/yr, 5y +1448%",196.9,-18% ->BE@+15%,291.8,240.1,2022-01-19,240.1,STOP_LOSS,"Stop-loss hit at 240; had peaked +22%, SL trailed to 240",-0.6
SPTL,2022-01-05,7.4,15,53.17,220.0,66.0,n/a,"Rank #15 of 549 by 6m-return/volatility | 6m +220%, vol ~66%/yr",6.0,-18%,8.0,6.0,2022-01-17,6.0,STOP_LOSS,"Stop-loss hit at 6; had peaked +9%, SL trailed to 6",-19.6
ZEEMEDIA,2022-01-05,8.4,23,42.34,146.0,55.0,21.0,"Rank #23 of 549 by 6m-return/volatility | 6m +146%, vol ~55%/yr, 5y +21% (not over-extended)",6.9,-18% ->BE@+15%,10.5,8.4,2022-01-20,8.4,STOP_LOSS,"Stop-loss hit at 8; had peaked +24%, SL trailed to 8",-0.6
EXPLEOSOL,2022-01-05,1777.2,6,66.06,313.0,75.0,n/a,"Rank #6 of 549 by 6m-return/volatility | 6m +313%, vol ~75%/yr",1457.3,-18%,1839.8,1457.3,2022-01-24,1457.3,STOP_LOSS,"Stop-loss hit at 1457; had peaked +4%, SL trailed to 1457",-18.6
DYNAMATECH,2022-01-05,2092.8,24,41.59,179.0,68.0,-9.0,"Rank #24 of 549 by 6m-return/volatility | 6m +179%, vol ~68%/yr, 5y -9% (not over-extended)",1716.1,-18% ->BE@+15%,2483.6,2092.8,2022-01-24,2092.8,STOP_LOSS,"Stop-loss hit at 2093; had peaked +19%, SL trailed to 2093",-0.6
JSWISPL,2022-01-05,38.3,25,40.47,135.0,53.0,n/a,"Rank #25 of 549 by 6m-return/volatility | 6m +135%, vol ~53%/yr",31.4,-18% ->BE@+15%,45.4,38.3,2022-01-19,38.3,STOP_LOSS,"Stop-loss hit at 38; had peaked +19%, SL trailed to 38",-0.6
63MOONS,2022-01-05,114.0,22,42.81,178.0,66.0,n/a,"Rank #22 of 549 by 6m-return/volatility | 6m +178%, vol ~66%/yr",93.5,-18% ->BE@+15% ->20%-trail,160.9,128.7,2022-05-06,125.3,STOP_LOSS,"Stop-loss hit at 125; had peaked +41%, SL trailed to 129",9.3
NEWGEN,2022-01-05,427.7,18,47.02,133.0,45.0,n/a,"Rank #18 of 549 by 6m-return/volatility | 6m +133%, vol ~45%/yr",350.7,-18%,489.1,350.7,2022-02-24,350.7,STOP_LOSS,"Stop-loss hit at 351; had peaked +14%, SL trailed to 351",-18.6
EASEMYTRIP,2022-01-05,25.2,13,54.36,223.0,65.0,n/a,"Rank #13 of 549 by 6m-return/volatility | 6m +223%, vol ~65%/yr",20.7,-18%,28.4,20.7,2022-03-10,25.1,RANK_DROP,Dropped out of top-25 (momentum faded); sold at close 25,-0.9
JINDWORLD,2022-01-05,40.5,14,54.2,244.0,71.0,1141.0,"Rank #14 of 549 by 6m-return/volatility | 6m +244%, vol ~71%/yr, 5y +1141%",33.2,-18% ->BE@+15% ->20%-trail,59.3,47.4,2022-02-18,47.4,STOP_LOSS,"Stop-loss hit at 47; had peaked +46%, SL trailed to 47",16.4
HAPPSTMNDS,2022-01-05,1189.1,10,57.06,181.0,50.0,n/a,"Rank #10 of 549 by 6m-return/volatility | 6m +181%, vol ~50%/yr",975.0,-18%,1224.2,975.0,2022-02-22,960.0,STOP_LOSS,"Stop-loss hit at 960; had peaked +3%, SL trailed to 975",-19.9
BAJAJHIND,2022-01-05,16.6,4,80.14,262.0,52.0,44.0,"Rank #4 of 549 by 6m-return/volatility | 6m +262%, vol ~52%/yr, 5y +44% (not over-extended)",13.6,-18%,18.2,13.6,2022-02-22,13.4,STOP_LOSS,"Stop-loss hit at 13; had peaked +10%, SL trailed to 14",-19.9
RPOWER,2022-01-05,5.7,3,85.25,346.0,64.0,-42.0,"Rank #3 of 549 by 6m-return/volatility | 6m +346%, vol ~64%/yr, 5y -42% (not over-extended)",4.7,-18% ->BE@+15% ->20%-trail,7.9,6.3,2022-02-14,6.3,STOP_LOSS,"Stop-loss hit at 6; had peaked +39%, SL trailed to 6",9.1
PRAJIND,2022-01-05,367.7,5,76.08,321.0,67.0,496.0,"Rank #5 of 549 by 6m-return/volatility | 6m +321%, vol ~67%/yr, 5y +496%",301.5,-18% ->BE@+15%,448.0,367.7,2022-02-14,367.7,STOP_LOSS,"Stop-loss hit at 368; had peaked +22%, SL trailed to 368",-0.6
RELINFRA,2022-01-05,99.6,8,60.22,306.0,81.0,-71.0,"Rank #8 of 549 by 6m-return/volatility | 6m +306%, vol ~81%/yr, 5y -71% (not over-extended)",81.6,-18% ->BE@+15% ->20%-trail,153.9,123.1,2022-02-15,114.0,STOP_LOSS,"Stop-loss hit at 114; had peaked +55%, SL trailed to 123",13.9
NITINSPIN,2022-02-07,260.9,10,61.15,222.0,58.0,123.0,"Rank #10 of 633 by 6m-return/volatility | 6m +222%, vol ~58%/yr, 5y +123% (not over-extended)",214.0,-18%,265.9,214.0,2022-02-15,214.0,STOP_LOSS,"Stop-loss hit at 214; had peaked +2%, SL trailed to 214",-18.6
CREATIVE,2022-02-07,622.3,11,52.35,268.0,81.0,n/a,"Rank #11 of 633 by 6m-return/volatility | 6m +268%, vol ~81%/yr",510.3,-18%,688.6,510.3,2022-03-10,602.0,RANK_DROP,Dropped out of top-25 (momentum faded); sold at close 602,-3.9
BLS,2022-02-07,70.4,14,47.92,237.0,78.0,n/a,"Rank #14 of 633 by 6m-return/volatility | 6m +237%, vol ~78%/yr",57.7,-18%,72.1,57.7,2022-02-22,57.6,STOP_LOSS,"Stop-loss hit at 58; had peaked +2%, SL trailed to 58",-18.8
DEEPAKFERT,2022-02-07,582.2,19,42.46,139.0,52.0,261.0,"Rank #19 of 633 by 6m-return/volatility | 6m +139%, vol ~52%/yr, 5y +261%",477.4,-18%,582.2,477.4,2022-02-22,476.0,STOP_LOSS,"Stop-loss hit at 476; had peaked +0%, SL trailed to 477",-18.8
ADANIGREEN,2022-02-07,1916.6,21,39.75,102.0,41.0,n/a,"Rank #21 of 633 by 6m-return/volatility | 6m +102%, vol ~41%/yr",1571.6,-18%,2011.6,1571.6,2022-03-10,1781.4,RANK_DROP,Dropped out of top-25 (momentum faded); sold at close 1781,-7.7
AJMERA,2022-02-07,75.0,6,78.81,298.0,60.0,287.0,"Rank #6 of 633 by 6m-return/volatility | 6m +298%, vol ~60%/yr, 5y +287%",61.5,-18%,78.3,61.5,2022-02-23,60.5,STOP_LOSS,"Stop-loss hit at 61; had peaked +4%, SL trailed to 61",-19.9
JPASSOCIAT,2022-02-07,10.8,25,33.58,131.0,62.0,38.0,"Rank #25 of 633 by 6m-return/volatility | 6m +131%, vol ~62%/yr, 5y +38% (not over-extended)",8.9,-18%,11.1,8.9,2022-03-07,8.9,STOP_LOSS,"Stop-loss hit at 9; had peaked +3%, SL trailed to 9",-18.6
RAMKY,2022-02-07,215.5,16,46.79,226.0,77.0,230.0,"Rank #16 of 633 by 6m-return/volatility | 6m +226%, vol ~77%/yr, 5y +230%",176.7,-18%,237.4,176.7,2022-02-24,176.7,STOP_LOSS,"Stop-loss hit at 177; had peaked +10%, SL trailed to 177",-18.6
TATAPOWER,2022-02-07,243.6,22,38.98,87.0,35.0,240.0,"Rank #22 of 633 by 6m-return/volatility | 6m +87%, vol ~35%/yr, 5y +240%",199.7,-18%,245.3,199.7,2022-02-24,199.7,STOP_LOSS,"Stop-loss hit at 200; had peaked +1%, SL trailed to 200",-18.6
JBMA,2022-02-07,267.1,20,41.77,192.0,73.0,494.0,"Rank #20 of 633 by 6m-return/volatility | 6m +192%, vol ~73%/yr, 5y +494%",219.1,-18%,271.0,219.1,2022-02-21,218.4,STOP_LOSS,"Stop-loss hit at 218; had peaked +1%, SL trailed to 219",-18.8
BORORENEW,2022-02-07,662.7,13,49.06,156.0,51.0,n/a,"Rank #13 of 633 by 6m-return/volatility | 6m +156%, vol ~51%/yr",543.4,-18%,689.5,543.4,2022-02-22,518.3,STOP_LOSS,"Stop-loss hit at 518; had peaked +4%, SL trailed to 543",-22.4
SINTEX,2022-03-10,8.9,24,24.45,93.0,61.0,-63.0,"Rank #24 of 580 by 6m-return/volatility | 6m +93%, vol ~61%/yr, 5y -63% (not over-extended)",7.3,-18%,8.9,7.3,2022-03-21,7.8,RANK_DROP,Dropped out of top-25 (momentum faded); sold at close 8,-12.5
SPECIALITY,2022-03-10,164.9,15,30.51,102.0,53.0,154.0,"Rank #15 of 580 by 6m-return/volatility | 6m +102%, vol ~53%/yr, 5y +154% (not over-extended)",135.3,-18% ->BE@+15%,207.6,164.9,2022-04-12,189.3,RANK_DROP,Dropped out of top-25 (momentum faded); sold at close 189,14.2
ESCORTS,2022-03-10,1784.9,12,33.8,30.0,14.0,361.0,"Rank #12 of 580 by 6m-return/volatility | 6m +30%, vol ~14%/yr, 5y +361%",1463.6,-18%,1900.5,1463.6,2022-04-12,1513.0,RANK_DROP,Dropped out of top-25 (momentum faded); sold at close 1513,-15.8
NELCO,2022-03-10,589.8,4,83.06,345.0,66.0,930.0,"Rank #4 of 580 by 6m-return/volatility | 6m +345%, vol ~66%/yr, 5y +930%",483.6,-18%,678.2,483.6,2022-05-30,591.6,RANK_DROP,Dropped out of top-25 (momentum faded); sold at close 592,-0.3
GNFC,2022-03-10,630.5,22,26.98,86.0,51.0,153.0,"Rank #22 of 580 by 6m-return/volatility | 6m +86%, vol ~51%/yr, 5y +153% (not over-extended)",517.0,-18% ->BE@+15% ->20%-trail,912.0,729.6,2022-04-12,857.3,RANK_DROP,Dropped out of top-25 (momentum faded); sold at close 857,35.4
BIRLACABLE,2022-03-10,153.8,16,30.49,166.0,87.0,n/a,"Rank #16 of 580 by 6m-return/volatility | 6m +166%, vol ~87%/yr",126.1,-18%,165.1,126.1,2022-04-12,147.6,RANK_DROP,Dropped out of top-25 (momentum faded); sold at close 148,-4.6
BCG,2022-03-10,50.6,2,115.89,481.0,66.0,n/a,"Rank #2 of 580 by 6m-return/volatility | 6m +481%, vol ~66%/yr",41.5,-18% ->BE@+15% ->20%-trail,78.6,62.9,2022-06-02,65.3,RANK_DROP,Dropped out of top-25 (momentum faded); sold at close 65,28.4
BUTTERFLY,2022-03-10,1370.3,19,29.52,97.0,52.0,90.0,"Rank #19 of 580 by 6m-return/volatility | 6m +97%, vol ~52%/yr, 5y +90% (not over-extended)",1123.7,-18%,1477.8,1123.7,2022-04-12,1405.8,RANK_DROP,Dropped out of top-25 (momentum faded); sold at close 1406,2.0
BSE,2022-03-10,296.4,14,32.03,128.0,63.0,171.0,"Rank #14 of 580 by 6m-return/volatility | 6m +128%, vol ~63%/yr, 5y +171% (not over-extended)",243.1,-18% ->BE@+15%,355.3,296.4,2022-03-28,296.4,STOP_LOSS,"Stop-loss hit at 296; had peaked +20%, SL trailed to 296",-0.6
GTLINFRA,2022-03-10,1.7,1,153.96,455.0,47.0,69.0,"Rank #1 of 580 by 6m-return/volatility | 6m +455%, vol ~47%/yr, 5y +69% (not over-extended)",1.4,-18%,1.8,1.4,2022-03-29,1.4,STOP_LOSS,"Stop-loss hit at 1; had peaked +6%, SL trailed to 1",-18.6
MIRZAINT,2022-03-10,16.6,10,34.62,182.0,84.0,103.0,"Rank #10 of 580 by 6m-return/volatility | 6m +182%, vol ~84%/yr, 5y +103% (not over-extended)",13.6,-18% ->BE@+15% ->20%-trail,22.4,17.9,2022-05-09,17.9,STOP_LOSS,"Stop-loss hit at 18; had peaked +35%, SL trailed to 18",7.1
GMDCLTD,2022-03-10,172.5,20,27.56,140.0,81.0,43.0,"Rank #20 of 580 by 6m-return/volatility | 6m +140%, vol ~81%/yr, 5y +43% (not over-extended)",141.4,-18% ->BE@+15% ->20%-trail,236.9,189.5,2022-05-02,186.2,STOP_LOSS,"Stop-loss hit at 186; had peaked +37%, SL trailed to 189",7.3
ADANITRANS,2022-03-10,2272.8,3,96.48,345.0,57.0,6033.0,"Rank #3 of 580 by 6m-return/volatility | 6m +345%, vol ~57%/yr, 5y +6033%",1863.7,-18% ->BE@+15% ->20%-trail,3000.0,2400.0,2022-05-11,2400.0,STOP_LOSS,"Stop-loss hit at 2400; had peaked +32%, SL trailed to 2400",5.0
STEELXIND,2022-04-12,25.5,11,48.53,182.0,59.0,n/a,"Rank #11 of 640 by 6m-return/volatility | 6m +182%, vol ~59%/yr",20.9,-18%,25.9,20.9,2022-05-06,20.9,STOP_LOSS,"Stop-loss hit at 21; had peaked +1%, SL trailed to 21",-18.6
LYKALABS,2022-04-12,163.2,6,109.02,400.0,58.0,386.0,"Rank #6 of 640 by 6m-return/volatility | 6m +400%, vol ~58%/yr, 5y +386%",133.8,-18%,177.3,133.8,2022-05-02,133.8,STOP_LOSS,"Stop-loss hit at 134; had peaked +9%, SL trailed to 134",-18.6
RUSHIL,2022-04-12,62.9,21,28.44,113.0,63.0,-24.0,"Rank #21 of 640 by 6m-return/volatility | 6m +113%, vol ~63%/yr, 5y -24% (not over-extended)",51.6,-18%,66.6,51.6,2022-05-06,51.6,STOP_LOSS,"Stop-loss hit at 52; had peaked +6%, SL trailed to 52",-18.6
NDTV,2022-04-12,177.8,22,27.08,144.0,85.0,257.0,"Rank #22 of 640 by 6m-return/volatility | 6m +144%, vol ~85%/yr, 5y +257%",145.8,-18%,193.4,145.8,2022-05-09,145.8,STOP_LOSS,"Stop-loss hit at 146; had peaked +9%, SL trailed to 146",-18.6
UGARSUGAR,2022-04-12,74.2,23,26.95,146.0,86.0,306.0,"Rank #23 of 640 by 6m-return/volatility | 6m +146%, vol ~86%/yr, 5y +306%",60.8,-18%,84.0,60.8,2022-05-09,59.2,STOP_LOSS,"Stop-loss hit at 59; had peaked +13%, SL trailed to 61",-20.8
GREENPOWER,2022-04-12,11.6,19,31.69,116.0,58.0,-56.0,"Rank #19 of 640 by 6m-return/volatility | 6m +116%, vol ~58%/yr, 5y -56% (not over-extended)",9.5,-18%,12.0,9.5,2022-05-11,9.5,STOP_LOSS,"Stop-loss hit at 10; had peaked +3%, SL trailed to 10",-18.6
VIKASECO,2022-04-12,3.6,12,48.47,182.0,60.0,16.0,"Rank #12 of 640 by 6m-return/volatility | 6m +182%, vol ~60%/yr, 5y +16% (not over-extended)",2.9,-18%,3.8,2.9,2022-05-10,2.7,STOP_LOSS,"Stop-loss hit at 3; had peaked +5%, SL trailed to 3",-25.6
BDL,2022-04-12,356.6,20,30.38,105.0,55.0,n/a,"Rank #20 of 640 by 6m-return/volatility | 6m +105%, vol ~55%/yr",292.4,-18% ->BE@+15%,423.8,356.6,2022-04-21,356.6,STOP_LOSS,"Stop-loss hit at 357; had peaked +19%, SL trailed to 357",-0.6
ADANIGREEN,2022-04-12,2643.3,16,38.53,137.0,57.0,n/a,"Rank #16 of 640 by 6m-return/volatility | 6m +137%, vol ~57%/yr",2167.5,-18%,2887.2,2167.5,2022-05-13,2167.5,STOP_LOSS,"Stop-loss hit at 2168; had peaked +9%, SL trailed to 2168",-18.6
EASEMYTRIP,2022-04-12,35.7,24,26.75,97.0,58.0,n/a,"Rank #24 of 640 by 6m-return/volatility | 6m +97%, vol ~58%/yr",29.3,-18% ->BE@+15%,41.8,35.7,2022-05-27,34.6,STOP_LOSS,"Stop-loss hit at 35; had peaked +17%, SL trailed to 36",-3.5
RTNPOWER,2022-04-12,8.2,3,144.48,482.0,53.0,15.0,"Rank #3 of 640 by 6m-return/volatility | 6m +482%, vol ~53%/yr, 5y +15% (not over-extended)",6.7,-18%,8.6,6.7,2022-05-06,6.7,STOP_LOSS,"Stop-loss hit at 7; had peaked +4%, SL trailed to 7",-18.6
SAREGAMA,2022-04-12,460.3,7,79.24,219.0,44.0,943.0,"Rank #7 of 640 by 6m-return/volatility | 6m +219%, vol ~44%/yr, 5y +943%",377.4,-18%,471.6,377.4,2022-05-05,377.4,STOP_LOSS,"Stop-loss hit at 377; had peaked +2%, SL trailed to 377",-18.6
TTML,2022-04-12,128.2,1,298.27,1079.0,57.0,805.0,"Rank #1 of 640 by 6m-return/volatility | 6m +1079%, vol ~57%/yr, 5y +805%",105.1,-18%,132.3,105.1,2022-04-20,104.7,STOP_LOSS,"Stop-loss hit at 105; had peaked +3%, SL trailed to 105",-19.0
ATGL,2022-04-12,2502.1,2,181.04,636.0,56.0,n/a,"Rank #2 of 640 by 6m-return/volatility | 6m +636%, vol ~56%/yr",2051.7,-18%,2628.0,2051.7,2022-06-20,2051.7,STOP_LOSS,"Stop-loss hit at 2052; had peaked +5%, SL trailed to 2052",-18.6
BLS,2022-04-12,88.8,9,51.56,185.0,57.0,96.0,"Rank #9 of 640 by 6m-return/volatility | 6m +185%, vol ~57%/yr, 5y +96% (not over-extended)",72.8,-18% ->BE@+15%,103.2,88.8,2022-05-12,88.8,STOP_LOSS,"Stop-loss hit at 89; had peaked +16%, SL trailed to 89",-0.6
PRECWIRE,2022-05-17,68.0,16,28.13,141.0,80.0,356.0,"Rank #16 of 586 by 6m-return/volatility | 6m +141%, vol ~80%/yr, 5y +356%",55.8,-18%,75.0,55.8,2022-06-16,58.1,RANK_DROP,Dropped out of top-25 (momentum faded); sold at close 58,-15.1
JBMA,2022-05-17,207.7,24,19.69,64.0,52.0,338.0,"Rank #24 of 586 by 6m-return/volatility | 6m +64%, vol ~52%/yr, 5y +338%",170.3,-18%,214.5,170.3,2022-06-16,174.2,RANK_DROP,Dropped out of top-25 (momentum faded); sold at close 174,-16.7
SWANENERGY,2022-05-17,289.1,12,34.82,125.0,57.0,83.0,"Rank #12 of 586 by 6m-return/volatility | 6m +125%, vol ~57%/yr, 5y +83% (not over-extended)",237.1,-18%,309.1,237.1,2022-06-13,236.2,STOP_LOSS,"Stop-loss hit at 236; had peaked +7%, SL trailed to 237",-18.9
GOKEX,2022-05-17,514.9,23,19.74,83.0,66.0,796.0,"Rank #23 of 586 by 6m-return/volatility | 6m +83%, vol ~66%/yr, 5y +796%",422.2,-18%,575.9,422.2,2022-06-14,420.9,STOP_LOSS,"Stop-loss hit at 421; had peaked +12%, SL trailed to 422",-18.9
GAEL,2022-05-17,159.5,25,19.11,84.0,70.0,348.0,"Rank #25 of 586 by 6m-return/volatility | 6m +84%, vol ~70%/yr, 5y +348%",130.7,-18%,173.6,130.7,2022-06-16,130.7,STOP_LOSS,"Stop-loss hit at 131; had peaked +9%, SL trailed to 131",-18.6
TRIDENT,2022-05-17,49.1,5,51.03,185.0,58.0,688.0,"Rank #5 of 586 by 6m-return/volatility | 6m +185%, vol ~58%/yr, 5y +688%",40.3,-18%,50.8,40.3,2022-06-14,40.3,STOP_LOSS,"Stop-loss hit at 40; had peaked +3%, SL trailed to 40",-18.6
SHARDACROP,2022-05-17,648.7,18,27.0,114.0,67.0,40.0,"Rank #18 of 586 by 6m-return/volatility | 6m +114%, vol ~67%/yr, 5y +40% (not over-extended)",532.0,-18%,704.7,532.0,2022-06-20,532.0,STOP_LOSS,"Stop-loss hit at 532; had peaked +9%, SL trailed to 532",-18.6
JSWENERGY,2022-05-17,243.1,6,47.9,166.0,55.0,149.0,"Rank #6 of 586 by 6m-return/volatility | 6m +166%, vol ~55%/yr, 5y +149% (not over-extended)",199.3,-18% ->BE@+15%,289.1,243.1,2022-05-25,243.1,STOP_LOSS,"Stop-loss hit at 243; had peaked +19%, SL trailed to 243",-0.6
BCG,2022-05-17,71.5,1,222.87,849.0,60.0,n/a,"Rank #1 of 586 by 6m-return/volatility | 6m +849%, vol ~60%/yr",58.6,-18%,78.6,58.6,2022-06-07,56.0,STOP_LOSS,"Stop-loss hit at 56; had peaked +10%, SL trailed to 59",-22.2
CHENNPETRO,2022-05-17,287.4,11,34.88,157.0,72.0,-20.0,"Rank #11 of 586 by 6m-return/volatility | 6m +157%, vol ~72%/yr, 5y -20% (not over-extended)",235.7,-18% ->BE@+15%,331.7,287.4,2022-05-25,282.8,STOP_LOSS,"Stop-loss hit at 283; had peaked +15%, SL trailed to 287",-2.2
FLUOROCHEM,2022-05-17,2619.9,17,27.49,98.0,56.0,n/a,"Rank #17 of 586 by 6m-return/volatility | 6m +98%, vol ~56%/yr",2148.3,-18% ->BE@+15%,3013.0,2619.9,2022-06-14,2619.9,STOP_LOSS,"Stop-loss hit at 2620; had peaked +15%, SL trailed to 2620",-0.6
MRPL,2022-06-16,88.7,17,20.67,113.0,86.0,-22.0,"Rank #17 of 502 by 6m-return/volatility | 6m +113%, vol ~86%/yr, 5y -22% (not over-extended)",72.7,-18%,88.7,72.7,2022-06-17,72.7,STOP_LOSS,"Stop-loss hit at 73; had peaked +0%, SL trailed to 73",-18.6
VADILALIND,2022-06-16,1875.6,11,24.47,89.0,58.0,124.0,"Rank #11 of 502 by 6m-return/volatility | 6m +89%, vol ~58%/yr, 5y +124% (not over-extended)",1538.0,-18% ->BE@+15%,2247.7,1875.6,2022-07-18,2057.2,RANK_DROP,Dropped out of top-25 (momentum faded); sold at close 2057,9.1
APCOTEXIND,2022-06-16,610.8,25,15.72,61.0,61.0,303.0,"Rank #25 of 502 by 6m-return/volatility | 6m +61%, vol ~61%/yr, 5y +303%",500.8,-18%,673.5,500.8,2022-07-18,574.1,RANK_DROP,Dropped out of top-25 (momentum faded); sold at close 574,-6.6
DEEPAKFERT,2022-06-16,563.8,16,21.03,63.0,48.0,187.0,"Rank #16 of 502 by 6m-return/volatility | 6m +63%, vol ~48%/yr, 5y +187% (not over-extended)",462.3,-18%,634.5,462.3,2022-07-18,628.8,RANK_DROP,Dropped out of top-25 (momentum faded); sold at close 629,10.9
SCHAEFFLER,2022-06-16,2238.1,24,15.92,35.0,35.0,n/a,"Rank #24 of 502 by 6m-return/volatility | 6m +35%, vol ~35%/yr",1835.2,-18% ->BE@+15%,2580.6,2238.1,2022-07-18,2559.5,RANK_DROP,Dropped out of top-25 (momentum faded); sold at close 2560,13.8
HAL,2022-06-16,803.7,19,18.86,40.0,33.0,n/a,"Rank #19 of 502 by 6m-return/volatility | 6m +40%, vol ~33%/yr",659.1,-18%,882.2,659.1,2022-07-18,793.2,RANK_DROP,Dropped out of top-25 (momentum faded); sold at close 793,-1.9
STEELXIND,2022-06-16,15.1,23,16.36,61.0,60.0,n/a,"Rank #23 of 502 by 6m-return/volatility | 6m +61%, vol ~60%/yr",12.4,-18% ->BE@+15% ->20%-trail,23.8,19.0,2022-07-27,18.8,STOP_LOSS,"Stop-loss hit at 19; had peaked +57%, SL trailed to 19",23.8
MAHLIFE,2022-06-16,392.5,21,17.94,62.0,55.0,204.0,"Rank #21 of 502 by 6m-return/volatility | 6m +62%, vol ~55%/yr, 5y +204%",321.9,-18% ->BE@+15%,507.3,392.5,2022-08-19,461.4,RANK_DROP,Dropped out of top-25 (momentum faded); sold at close 461,17.0
JKIL,2022-06-16,268.6,20,18.34,57.0,49.0,-1.0,"Rank #20 of 502 by 6m-return/volatility | 6m +57%, vol ~49%/yr, 5y -1% (not over-extended)",220.3,-18% ->BE@+15% ->20%-trail,351.9,281.5,2022-08-19,308.9,RANK_DROP,Dropped out of top-25 (momentum faded); sold at close 309,14.4
BDL,2022-06-16,368.4,14,23.1,97.0,66.0,n/a,"Rank #14 of 502 by 6m-return/volatility | 6m +97%, vol ~66%/yr",302.1,-18%,420.5,302.1,2022-08-19,390.7,RANK_DROP,Dropped out of top-25 (momentum faded); sold at close 391,5.5
CREDITACC,2022-07-18,946.6,11,25.14,83.0,52.0,n/a,"Rank #11 of 476 by 6m-return/volatility | 6m +83%, vol ~52%/yr",776.2,-18%,994.4,776.2,2022-08-19,916.8,RANK_DROP,Dropped out of top-25 (momentum faded); sold at close 917,-3.8
VOLTAMP,2022-07-18,2961.1,15,21.37,57.0,42.0,160.0,"Rank #15 of 476 by 6m-return/volatility | 6m +57%, vol ~42%/yr, 5y +160% (not over-extended)",2428.1,-18% ->BE@+15%,3521.1,2961.1,2022-08-16,2961.1,STOP_LOSS,"Stop-loss hit at 2961; had peaked +19%, SL trailed to 2961",-0.6
MFL,2022-07-18,1475.9,16,21.19,93.0,69.0,n/a,"Rank #16 of 476 by 6m-return/volatility | 6m +93%, vol ~69%/yr",1210.2,-18%,1658.0,1210.2,2022-08-19,1452.1,RANK_DROP,Dropped out of top-25 (momentum faded); sold at close 1452,-2.2
INOXLEISUR,2022-07-18,534.4,23,17.2,39.0,36.0,103.0,"Rank #23 of 476 by 6m-return/volatility | 6m +39%, vol ~36%/yr, 5y +103% (not over-extended)",438.2,-18% ->BE@+15%,619.4,534.4,2022-08-16,534.4,STOP_LOSS,"Stop-loss hit at 534; had peaked +16%, SL trailed to 534",-0.6
MARATHON,2022-07-18,227.6,17,19.48,97.0,79.0,40.0,"Rank #17 of 476 by 6m-return/volatility | 6m +97%, vol ~79%/yr, 5y +40% (not over-extended)",186.7,-18% ->BE@+15%,270.2,227.6,2022-08-04,227.6,STOP_LOSS,"Stop-loss hit at 228; had peaked +19%, SL trailed to 228",-0.6
GAEL,2022-07-18,156.8,20,19.15,87.0,72.0,381.0,"Rank #20 of 476 by 6m-return/volatility | 6m +87%, vol ~72%/yr, 5y +381%",128.6,-18%,156.9,128.6,2022-08-19,141.1,RANK_DROP,Dropped out of top-25 (momentum faded); sold at close 141,-10.6
WSTCSTPAPR,2022-07-18,390.4,22,18.38,52.0,45.0,104.0,"Rank #22 of 476 by 6m-return/volatility | 6m +52%, vol ~45%/yr, 5y +104% (not over-extended)",320.1,-18% ->BE@+15% ->20%-trail,677.4,542.0,2022-09-21,565.2,RANK_DROP,Dropped out of top-25 (momentum faded); sold at close 565,44.2
VBL,2022-07-18,188.7,21,18.42,42.0,36.0,272.0,"Rank #21 of 476 by 6m-return/volatility | 6m +42%, vol ~36%/yr, 5y +272%",154.7,-18% ->BE@+15% ->20%-trail,263.3,210.7,2022-10-24,227.0,RANK_DROP,Dropped out of top-25 (momentum faded); sold at close 227,19.7
RAJRATAN,2022-07-18,832.5,3,47.05,158.0,53.0,n/a,"Rank #3 of 476 by 6m-return/volatility | 6m +158%, vol ~53%/yr",682.7,-18% ->BE@+15% ->20%-trail,1409.9,1127.9,2022-09-26,1127.9,STOP_LOSS,"Stop-loss hit at 1128; had peaked +69%, SL trailed to 1128",34.9
ITC,2022-07-18,293.2,14,21.58,32.0,23.0,2.0,"Rank #14 of 476 by 6m-return/volatility | 6m +32%, vol ~23%/yr, 5y +2% (not over-extended)",240.4,-18% ->BE@+15%,358.9,293.2,2022-11-25,337.9,RANK_DROP,Dropped out of top-25 (momentum faded); sold at close 338,14.6
TVSMOTOR,2022-07-18,912.9,24,17.19,33.0,30.0,61.0,"Rank #24 of 476 by 6m-return/volatility | 6m +33%, vol ~30%/yr, 5y +61% (not over-extended)",748.6,-18% ->BE@+15% ->20%-trail,1223.4,978.8,2022-11-25,1078.5,RANK_DROP,Dropped out of top-25 (momentum faded); sold at close 1078,17.5
PCJEWELLER,2022-08-19,8.7,2,52.63,212.0,64.0,-83.0,"Rank #2 of 556 by 6m-return/volatility | 6m +212%, vol ~64%/yr, 5y -83% (not over-extended)",7.1,-18%,9.8,7.1,2022-12-14,8.9,RANK_DROP,Dropped out of top-25 (momentum faded); sold at close 9,2.1
LSIL,2022-08-19,14.4,24,25.74,108.0,67.0,n/a,"Rank #24 of 556 by 6m-return/volatility | 6m +108%, vol ~67%/yr",11.8,-18%,15.8,11.8,2022-09-21,14.1,RANK_DROP,Dropped out of top-25 (momentum faded); sold at close 14,-2.7
VADILALIND,2022-08-19,2306.4,13,33.15,114.0,55.0,163.0,"Rank #13 of 556 by 6m-return/volatility | 6m +114%, vol ~55%/yr, 5y +163% (not over-extended)",1891.3,-18% ->BE@+15%,2859.0,2306.4,2022-09-21,2514.4,RANK_DROP,Dropped out of top-25 (momentum faded); sold at close 2514,8.4
MIRZAINT,2022-08-19,30.9,23,26.01,112.0,68.0,120.0,"Rank #23 of 556 by 6m-return/volatility | 6m +112%, vol ~68%/yr, 5y +120% (not over-extended)",25.3,-18% ->BE@+15%,36.1,30.9,2022-09-21,33.2,RANK_DROP,Dropped out of top-25 (momentum faded); sold at close 33,6.9
JKPAPER,2022-08-19,419.7,25,25.36,87.0,55.0,354.0,"Rank #25 of 556 by 6m-return/volatility | 6m +87%, vol ~55%/yr, 5y +354%",344.2,-18%,444.9,344.2,2022-09-21,394.2,RANK_DROP,Dropped out of top-25 (momentum faded); sold at close 394,-6.7
TNPL,2022-08-19,221.7,14,30.18,90.0,47.0,-33.0,"Rank #14 of 556 by 6m-return/volatility | 6m +90%, vol ~47%/yr, 5y -33% (not over-extended)",181.8,-18% ->BE@+15%,259.0,221.7,2022-09-16,221.7,STOP_LOSS,"Stop-loss hit at 222; had peaked +17%, SL trailed to 222",-0.6
HAL,2022-08-19,1002.8,22,26.68,64.0,38.0,n/a,"Rank #22 of 556 by 6m-return/volatility | 6m +64%, vol ~38%/yr",822.3,-18% ->BE@+15%,1180.0,1002.8,2022-09-21,1097.8,RANK_DROP,Dropped out of top-25 (momentum faded); sold at close 1098,8.9
ADANIENT,2022-08-19,3010.0,9,37.2,79.0,34.0,2170.0,"Rank #9 of 556 by 6m-return/volatility | 6m +79%, vol ~34%/yr, 5y +2170%",2468.2,-18% ->BE@+15%,3735.8,3010.0,2022-10-03,3010.0,STOP_LOSS,"Stop-loss hit at 3010; had peaked +24%, SL trailed to 3010",-0.6
KKCL,2022-08-19,427.9,18,28.84,110.0,60.0,16.0,"Rank #18 of 556 by 6m-return/volatility | 6m +110%, vol ~60%/yr, 5y +16% (not over-extended)",350.9,-18% ->BE@+15%,537.9,427.9,2022-11-25,485.7,RANK_DROP,Dropped out of top-25 (momentum faded); sold at close 486,12.9
SCHAEFFLER,2022-08-19,2950.0,12,33.18,76.0,36.0,n/a,"Rank #12 of 556 by 6m-return/volatility | 6m +76%, vol ~36%/yr",2419.0,-18% ->BE@+15% ->20%-trail,3969.8,3175.9,2022-09-26,3175.9,STOP_LOSS,"Stop-loss hit at 3176; had peaked +35%, SL trailed to 3176",7.1
SHOPERSTOP,2022-08-19,628.0,6,38.44,87.0,36.0,69.0,"Rank #6 of 556 by 6m-return/volatility | 6m +87%, vol ~36%/yr, 5y +69% (not over-extended)",514.9,-18% ->BE@+15% ->20%-trail,835.8,668.6,2022-11-18,668.6,STOP_LOSS,"Stop-loss hit at 669; had peaked +33%, SL trailed to 669",5.9
ELECON,2022-08-19,167.7,15,30.03,120.0,63.0,521.0,"Rank #15 of 556 by 6m-return/volatility | 6m +120%, vol ~63%/yr, 5y +521%",137.5,-18% ->BE@+15%,201.2,167.7,2022-09-23,167.7,STOP_LOSS,"Stop-loss hit at 168; had peaked +20%, SL trailed to 168",-0.6
GRAVITA,2022-09-21,337.0,12,37.16,120.0,51.0,520.0,"Rank #12 of 653 by 6m-return/volatility | 6m +120%, vol ~51%/yr, 5y +520%",276.3,-18%,381.8,276.3,2022-10-24,377.3,RANK_DROP,Dropped out of top-25 (momentum faded); sold at close 377,11.4
GOODLUCK,2022-09-21,461.3,17,34.48,90.0,41.0,713.0,"Rank #17 of 653 by 6m-return/volatility | 6m +90%, vol ~41%/yr, 5y +713%",378.2,-18%,471.2,378.2,2022-10-24,430.9,RANK_DROP,Dropped out of top-25 (momentum faded); sold at close 431,-7.2
EICHERMOT,2022-09-21,3695.9,24,30.73,55.0,28.0,16.0,"Rank #24 of 653 by 6m-return/volatility | 6m +55%, vol ~28%/yr, 5y +16% (not over-extended)",3030.6,-18%,3796.1,3030.6,2022-10-24,3654.9,RANK_DROP,Dropped out of top-25 (momentum faded); sold at close 3655,-1.7
MFL,2022-09-21,1629.7,25,30.51,75.0,39.0,n/a,"Rank #25 of 653 by 6m-return/volatility | 6m +75%, vol ~39%/yr",1336.4,-18%,1695.0,1336.4,2022-10-24,1473.7,RANK_DROP,Dropped out of top-25 (momentum faded); sold at close 1474,-10.2
VISHNU,2022-09-21,376.2,4,46.88,118.0,40.0,463.0,"Rank #4 of 653 by 6m-return/volatility | 6m +118%, vol ~40%/yr, 5y +463%",308.5,-18%,378.1,308.5,2022-10-24,355.8,RANK_DROP,Dropped out of top-25 (momentum faded); sold at close 356,-6.0
AMBUJACEM,2022-09-21,541.3,10,38.11,80.0,33.0,101.0,"Rank #10 of 653 by 6m-return/volatility | 6m +80%, vol ~33%/yr, 5y +101% (not over-extended)",443.9,-18%,555.0,443.9,2022-10-24,516.9,RANK_DROP,Dropped out of top-25 (momentum faded); sold at close 517,-5.1
VINYLINDIA,2022-09-21,393.6,7,42.94,206.0,76.0,975.0,"Rank #7 of 653 by 6m-return/volatility | 6m +206%, vol ~76%/yr, 5y +975%",322.8,-18% ->BE@+15%,491.9,393.6,2023-01-20,388.6,STOP_LOSS,"Stop-loss hit at 389; had peaked +25%, SL trailed to 394",-1.9
INDHOTEL,2022-09-21,341.5,16,34.71,58.0,27.0,167.0,"Rank #16 of 653 by 6m-return/volatility | 6m +58%, vol ~27%/yr, 5y +167% (not over-extended)",280.0,-18%,365.2,280.0,2022-10-24,331.3,RANK_DROP,Dropped out of top-25 (momentum faded); sold at close 331,-3.6
BEL,2022-09-21,98.9,21,32.8,57.0,28.0,80.0,"Rank #21 of 653 by 6m-return/volatility | 6m +57%, vol ~28%/yr, 5y +80% (not over-extended)",81.1,-18%,102.2,81.1,2022-10-24,95.6,RANK_DROP,Dropped out of top-25 (momentum faded); sold at close 96,-4.0
FCL,2022-09-21,42.9,15,35.32,117.0,53.0,1223.0,"Rank #15 of 653 by 6m-return/volatility | 6m +117%, vol ~53%/yr, 5y +1223%",35.2,-18%,48.4,35.2,2022-10-24,46.1,RANK_DROP,Dropped out of top-25 (momentum faded); sold at close 46,6.8
M&M,2022-09-21,1306.7,14,35.93,67.0,30.0,110.0,"Rank #14 of 653 by 6m-return/volatility | 6m +67%, vol ~30%/yr, 5y +110% (not over-extended)",1071.5,-18%,1366.6,1071.5,2022-11-25,1260.8,RANK_DROP,Dropped out of top-25 (momentum faded); sold at close 1261,-4.1
ITDCEM,2022-09-21,115.7,20,33.01,77.0,37.0,-26.0,"Rank #20 of 653 by 6m-return/volatility | 6m +77%, vol ~37%/yr, 5y -26% (not over-extended)",94.9,-18% ->BE@+15%,147.0,115.7,2022-12-23,115.7,STOP_LOSS,"Stop-loss hit at 116; had peaked +27%, SL trailed to 116",-0.6
UJJIVAN,2022-09-21,221.4,19,33.78,97.0,46.0,-36.0,"Rank #19 of 653 by 6m-return/volatility | 6m +97%, vol ~46%/yr, 5y -36% (not over-extended)",181.5,-18% ->BE@+15% ->20%-trail,313.4,250.7,2022-12-23,250.7,STOP_LOSS,"Stop-loss hit at 251; had peaked +42%, SL trailed to 251",12.7
POWERMECH,2022-09-21,943.8,11,37.47,113.0,48.0,254.0,"Rank #11 of 653 by 6m-return/volatility | 6m +113%, vol ~48%/yr, 5y +254%",773.9,-18% ->BE@+15%,1209.7,943.8,2022-12-23,943.8,STOP_LOSS,"Stop-loss hit at 944; had peaked +28%, SL trailed to 944",-0.6
SHANTIGEAR,2022-10-24,359.9,19,25.57,82.0,51.0,176.0,"Rank #19 of 558 by 6m-return/volatility | 6m +82%, vol ~51%/yr, 5y +176% (not over-extended)",295.1,-18%,399.8,295.1,2022-11-25,384.9,RANK_DROP,Dropped out of top-25 (momentum faded); sold at close 385,6.3
NELCO,2022-10-24,892.6,25,22.16,72.0,52.0,1598.0,"Rank #25 of 558 by 6m-return/volatility | 6m +72%, vol ~52%/yr, 5y +1598%",731.9,-18%,904.8,731.9,2022-11-25,731.9,STOP_LOSS,"Stop-loss hit at 732; had peaked +1%, SL trailed to 732",-18.6
ROLEXRINGS,2022-10-24,191.9,14,26.16,60.0,37.0,n/a,"Rank #14 of 558 by 6m-return/volatility | 6m +60%, vol ~37%/yr",157.4,-18%,204.3,157.4,2022-11-25,185.1,RANK_DROP,Dropped out of top-25 (momentum faded); sold at close 185,-4.1
DBREALTY,2022-10-24,74.6,21,24.89,102.0,65.0,138.0,"Rank #21 of 558 by 6m-return/volatility | 6m +102%, vol ~65%/yr, 5y +138% (not over-extended)",61.2,-18%,83.3,61.2,2022-11-25,72.5,RANK_DROP,Dropped out of top-25 (momentum faded); sold at close 73,-3.4
KUANTUM,2022-10-24,162.2,15,25.94,85.0,52.0,n/a,"Rank #15 of 558 by 6m-return/volatility | 6m +85%, vol ~52%/yr",133.0,-18%,176.4,133.0,2022-11-25,150.8,RANK_DROP,Dropped out of top-25 (momentum faded); sold at close 151,-7.7
ROHLTD,2022-10-24,279.5,16,25.9,97.0,60.0,265.0,"Rank #16 of 558 by 6m-return/volatility | 6m +97%, vol ~60%/yr, 5y +265%",229.2,-18%,314.1,229.2,2022-11-25,301.2,RANK_DROP,Dropped out of top-25 (momentum faded); sold at close 301,7.2
LIBERTSHOE,2022-10-24,239.6,8,29.32,117.0,63.0,121.0,"Rank #8 of 558 by 6m-return/volatility | 6m +117%, vol ~63%/yr, 5y +121% (not over-extended)",196.5,-18%,245.0,196.5,2022-10-31,196.5,STOP_LOSS,"Stop-loss hit at 196; had peaked +2%, SL trailed to 196",-18.6
MAHINDCIE,2022-10-24,314.5,6,30.15,68.0,36.0,37.0,"Rank #6 of 558 by 6m-return/volatility | 6m +68%, vol ~36%/yr, 5y +37% (not over-extended)",257.9,-18%,344.6,257.9,2022-12-27,325.5,RANK_DROP,Dropped out of top-25 (momentum faded); sold at close 326,2.9
APARINDS,2022-10-24,1482.8,4,35.25,125.0,56.0,96.0,"Rank #4 of 558 by 6m-return/volatility | 6m +125%, vol ~56%/yr, 5y +96% (not over-extended)",1215.9,-18% ->BE@+15%,1746.0,1482.8,2022-12-27,1710.3,RANK_DROP,Dropped out of top-25 (momentum faded); sold at close 1710,14.7
SDBL,2022-10-24,50.7,1,55.62,182.0,52.0,152.0,"Rank #1 of 558 by 6m-return/volatility | 6m +182%, vol ~52%/yr, 5y +152% (not over-extended)",41.6,-18% ->BE@+15% ->20%-trail,68.1,54.5,2022-12-22,54.5,STOP_LOSS,"Stop-loss hit at 54; had peaked +34%, SL trailed to 54",6.8
WESTLIFE,2022-10-24,843.7,18,25.62,57.0,35.0,n/a,"Rank #18 of 558 by 6m-return/volatility | 6m +57%, vol ~35%/yr",691.9,-18%,911.2,691.9,2023-01-27,796.4,RANK_DROP,Dropped out of top-25 (momentum faded); sold at close 796,-6.2
KARURVYSYA,2022-10-24,86.7,12,26.92,83.0,49.0,-34.0,"Rank #12 of 558 by 6m-return/volatility | 6m +83%, vol ~49%/yr, 5y -34% (not over-extended)",71.1,-18% ->BE@+15%,110.3,86.7,2023-02-28,96.8,RANK_DROP,Dropped out of top-25 (momentum faded); sold at close 97,11.0
MAZDOCK,2022-10-24,277.7,17,25.82,95.0,59.0,n/a,"Rank #17 of 558 by 6m-return/volatility | 6m +95%, vol ~59%/yr",227.7,-18% ->BE@+15% ->20%-trail,406.7,325.3,2022-12-23,325.3,STOP_LOSS,"Stop-loss hit at 325; had peaked +46%, SL trailed to 325",16.5
WSTCSTPAPR,2022-11-25,652.2,19,33.43,93.0,44.0,230.0,"Rank #19 of 578 by 6m-return/volatility | 6m +93%, vol ~44%/yr, 5y +230%",534.8,-18%,652.2,534.8,2022-12-22,534.8,STOP_LOSS,"Stop-loss hit at 535; had peaked +0%, SL trailed to 535",-18.6
KTKBANK,2022-11-25,137.4,9,38.87,142.0,58.0,-13.0,"Rank #9 of 578 by 6m-return/volatility | 6m +142%, vol ~58%/yr, 5y -13% (not over-extended)",112.7,-18% ->BE@+15%,160.4,137.4,2022-12-22,137.4,STOP_LOSS,"Stop-loss hit at 137; had peaked +17%, SL trailed to 137",-0.6
CANBK,2022-11-25,65.7,24,32.93,75.0,36.0,-12.0,"Rank #24 of 578 by 6m-return/volatility | 6m +75%, vol ~36%/yr, 5y -12% (not over-extended)",53.9,-18%,66.5,53.9,2022-12-27,61.7,RANK_DROP,Dropped out of top-25 (momentum faded); sold at close 62,-6.7
FIEMIND,2022-11-25,949.0,13,35.59,123.0,55.0,131.0,"Rank #13 of 578 by 6m-return/volatility | 6m +123%, vol ~55%/yr, 5y +131% (not over-extended)",778.2,-18%,1008.1,778.2,2022-12-27,830.7,RANK_DROP,Dropped out of top-25 (momentum faded); sold at close 831,-13.1
RVNL,2022-11-25,63.4,10,37.93,137.0,57.0,n/a,"Rank #10 of 578 by 6m-return/volatility | 6m +137%, vol ~57%/yr",52.0,-18%,72.8,52.0,2022-12-27,55.0,RANK_DROP,Dropped out of top-25 (momentum faded); sold at close 55,-13.9
BANKBARODA,2022-11-25,156.8,18,34.02,79.0,37.0,1.0,"Rank #18 of 578 by 6m-return/volatility | 6m +79%, vol ~37%/yr, 5y +1% (not over-extended)",128.6,-18% ->BE@+15%,184.2,156.8,2022-12-26,156.8,STOP_LOSS,"Stop-loss hit at 157; had peaked +17%, SL trailed to 157",-0.6
CGPOWER,2022-11-25,271.0,12,35.73,70.0,31.0,n/a,"Rank #12 of 578 by 6m-return/volatility | 6m +70%, vol ~31%/yr",222.2,-18%,277.6,222.2,2022-12-27,254.0,RANK_DROP,Dropped out of top-25 (momentum faded); sold at close 254,-6.9
DLINKINDIA,2022-11-25,296.4,23,33.01,130.0,63.0,259.0,"Rank #23 of 578 by 6m-return/volatility | 6m +130%, vol ~63%/yr, 5y +259%",243.1,-18%,313.0,243.1,2022-12-21,243.1,STOP_LOSS,"Stop-loss hit at 243; had peaked +6%, SL trailed to 243",-18.6
KPIGREEN,2022-11-25,93.1,17,34.54,115.0,53.0,n/a,"Rank #17 of 578 by 6m-return/volatility | 6m +115%, vol ~53%/yr",76.3,-18%,100.1,76.3,2022-12-27,89.5,RANK_DROP,Dropped out of top-25 (momentum faded); sold at close 90,-4.4
RAMASTEEL,2022-11-25,14.1,15,34.9,126.0,57.0,348.0,"Rank #15 of 578 by 6m-return/volatility | 6m +126%, vol ~57%/yr, 5y +348%",11.5,-18%,15.6,11.5,2022-12-26,11.5,STOP_LOSS,"Stop-loss hit at 12; had peaked +11%, SL trailed to 12",-18.6
HSCL,2022-11-25,90.9,14,35.16,71.0,32.0,-32.0,"Rank #14 of 578 by 6m-return/volatility | 6m +71%, vol ~32%/yr, 5y -32% (not over-extended)",74.5,-18%,94.8,74.5,2022-12-23,74.5,STOP_LOSS,"Stop-loss hit at 75; had peaked +4%, SL trailed to 75",-18.6
ADANIENT,2022-11-25,3751.3,11,37.77,88.0,37.0,2506.0,"Rank #11 of 578 by 6m-return/volatility | 6m +88%, vol ~37%/yr, 5y +2506%",3076.0,-18%,4029.1,3076.0,2023-01-27,3076.0,STOP_LOSS,"Stop-loss hit at 3076; had peaked +7%, SL trailed to 3076",-18.6
UNIONBANK,2022-11-25,71.7,4,44.37,119.0,43.0,-54.0,"Rank #4 of 578 by 6m-return/volatility | 6m +119%, vol ~43%/yr, 5y -54% (not over-extended)",58.8,-18% ->BE@+15%,90.3,71.7,2022-12-22,71.7,STOP_LOSS,"Stop-loss hit at 72; had peaked +26%, SL trailed to 72",-0.6
PSUBNKBEES,2022-11-25,42.1,8,39.51,69.0,28.0,4.0,"Rank #8 of 578 by 6m-return/volatility | 6m +69%, vol ~28%/yr, 5y +4% (not over-extended)",34.5,-18% ->BE@+15%,49.9,42.1,2022-12-23,42.1,STOP_LOSS,"Stop-loss hit at 42; had peaked +18%, SL trailed to 42",-0.7
IDFCFIRSTB,2022-11-25,58.0,21,33.22,71.0,34.0,n/a,"Rank #21 of 578 by 6m-return/volatility | 6m +71%, vol ~34%/yr",47.6,-18%,64.3,47.6,2023-02-28,55.2,RANK_DROP,Dropped out of top-25 (momentum faded); sold at close 55,-5.6
KKCL,2022-12-27,530.8,11,39.78,107.0,43.0,36.0,"Rank #11 of 620 by 6m-return/volatility | 6m +107%, vol ~43%/yr, 5y +36% (not over-extended)",435.3,-18%,551.3,435.3,2023-01-27,463.6,RANK_DROP,Dropped out of top-25 (momentum faded); sold at close 464,-13.3
APOLLOTYRE,2022-12-27,323.5,14,36.94,78.0,34.0,36.0,"Rank #14 of 620 by 6m-return/volatility | 6m +78%, vol ~34%/yr, 5y +36% (not over-extended)",265.3,-18%,340.0,265.3,2023-01-27,308.3,RANK_DROP,Dropped out of top-25 (momentum faded); sold at close 308,-5.3
JKLAKSHMI,2022-12-27,802.7,23,33.02,97.0,46.0,105.0,"Rank #23 of 620 by 6m-return/volatility | 6m +97%, vol ~46%/yr, 5y +105% (not over-extended)",658.2,-18%,840.2,658.2,2023-01-27,712.0,RANK_DROP,Dropped out of top-25 (momentum faded); sold at close 712,-11.9
DFMFOODS,2022-12-27,455.8,1,85.41,129.0,24.0,8.0,"Rank #1 of 620 by 6m-return/volatility | 6m +129%, vol ~24%/yr, 5y +8% (not over-extended)",373.7,-18%,475.0,373.7,2023-01-27,456.8,RANK_DROP,Dropped out of top-25 (momentum faded); sold at close 457,-0.4
VINYLINDIA,2022-12-27,419.5,4,47.16,223.0,75.0,1060.0,"Rank #4 of 620 by 6m-return/volatility | 6m +223%, vol ~75%/yr, 5y +1060%",344.0,-18% ->BE@+15%,491.9,419.5,2023-01-18,419.5,STOP_LOSS,"Stop-loss hit at 419; had peaked +17%, SL trailed to 419",-0.6
CEATLTD,2022-12-27,1660.7,22,33.1,79.0,38.0,2.0,"Rank #22 of 620 by 6m-return/volatility | 6m +79%, vol ~38%/yr, 5y +2% (not over-extended)",1361.7,-18%,1767.1,1361.7,2023-01-27,1543.4,RANK_DROP,Dropped out of top-25 (momentum faded); sold at close 1543,-7.7
LT,2022-12-27,1991.0,16,35.07,42.0,19.0,90.0,"Rank #16 of 620 by 6m-return/volatility | 6m +42%, vol ~19%/yr, 5y +90% (not over-extended)",1632.6,-18%,2153.6,1632.6,2023-01-27,2024.5,RANK_DROP,Dropped out of top-25 (momentum faded); sold at close 2024,1.1
PCJEWELLER,2022-12-27,8.0,6,44.25,173.0,62.0,-85.0,"Rank #6 of 620 by 6m-return/volatility | 6m +173%, vol ~62%/yr, 5y -85% (not over-extended)",6.5,-18% ->BE@+15%,9.3,8.0,2023-01-18,7.9,STOP_LOSS,"Stop-loss hit at 8; had peaked +17%, SL trailed to 8",-1.2
KIRLOSENG,2022-12-27,312.5,8,41.5,148.0,57.0,-10.0,"Rank #8 of 620 by 6m-return/volatility | 6m +148%, vol ~57%/yr, 5y -10% (not over-extended)",256.2,-18%,327.2,256.2,2023-02-28,304.7,RANK_DROP,Dropped out of top-25 (momentum faded); sold at close 305,-3.1
JINDALSTEL,2022-12-27,576.0,20,33.34,81.0,39.0,283.0,"Rank #20 of 620 by 6m-return/volatility | 6m +81%, vol ~39%/yr, 5y +283%",472.3,-18%,622.8,472.3,2023-02-28,549.2,RANK_DROP,Dropped out of top-25 (momentum faded); sold at close 549,-5.2
FACT,2022-12-27,280.8,12,38.6,205.0,84.0,729.0,"Rank #12 of 620 by 6m-return/volatility | 6m +205%, vol ~84%/yr, 5y +729%",230.2,-18% ->BE@+15% ->20%-trail,372.5,298.0,2023-01-16,298.0,STOP_LOSS,"Stop-loss hit at 298; had peaked +33%, SL trailed to 298",5.5
SOUTHBANK,2022-12-27,18.0,13,37.01,142.0,61.0,-40.0,"Rank #13 of 620 by 6m-return/volatility | 6m +142%, vol ~61%/yr, 5y -40% (not over-extended)",14.8,-18% ->BE@+15%,21.2,18.0,2023-01-10,18.0,STOP_LOSS,"Stop-loss hit at 18; had peaked +17%, SL trailed to 18",-0.6
VENUSPIPES,2022-12-27,708.0,3,47.79,117.0,39.0,n/a,"Rank #3 of 620 by 6m-return/volatility | 6m +117%, vol ~39%/yr",580.6,-18% ->BE@+15%,821.8,708.0,2023-04-03,772.4,RANK_DROP,Dropped out of top-25 (momentum faded); sold at close 772,8.5
JSLHISAR,2022-12-27,386.2,19,33.95,92.0,43.0,93.0,"Rank #19 of 620 by 6m-return/volatility | 6m +92%, vol ~43%/yr, 5y +93% (not over-extended)",316.7,-18% ->BE@+15%,476.8,386.2,2023-01-27,445.3,RANK_DROP,Dropped out of top-25 (momentum faded); sold at close 445,14.7
UCOBANK,2022-12-27,32.5,9,41.42,195.0,75.0,12.0,"Rank #9 of 620 by 6m-return/volatility | 6m +195%, vol ~75%/yr, 5y +12% (not over-extended)",26.6,-18%,33.8,26.6,2023-02-16,26.6,STOP_LOSS,"Stop-loss hit at 27; had peaked +4%, SL trailed to 27",-18.6
JSL,2022-12-27,201.2,10,40.34,123.0,48.0,122.0,"Rank #10 of 620 by 6m-return/volatility | 6m +123%, vol ~48%/yr, 5y +122% (not over-extended)",165.0,-18% ->BE@+15% ->20%-trail,301.1,240.9,2023-04-12,240.9,STOP_LOSS,"Stop-loss hit at 241; had peaked +50%, SL trailed to 241",19.1
GRAVITA,2023-01-27,493.0,18,27.3,81.0,47.0,327.0,"Rank #18 of 545 by 6m-return/volatility | 6m +81%, vol ~47%/yr, 5y +327%",404.3,-18%,540.0,404.3,2023-02-28,457.2,RANK_DROP,Dropped out of top-25 (momentum faded); sold at close 457,-7.9
GRSE,2023-01-27,444.3,22,26.65,98.0,59.0,n/a,"Rank #22 of 545 by 6m-return/volatility | 6m +98%, vol ~59%/yr",364.3,-18%,482.8,364.3,2023-02-28,376.5,RANK_DROP,Dropped out of top-25 (momentum faded); sold at close 376,-15.9
TATAINVEST,2023-01-27,202.7,21,26.76,49.0,29.0,137.0,"Rank #21 of 545 by 6m-return/volatility | 6m +49%, vol ~29%/yr, 5y +137% (not over-extended)",166.2,-18%,218.1,166.2,2023-02-28,195.3,RANK_DROP,Dropped out of top-25 (momentum faded); sold at close 195,-4.3
TRIL,2023-01-27,127.9,7,33.98,139.0,65.0,210.0,"Rank #7 of 545 by 6m-return/volatility | 6m +139%, vol ~65%/yr, 5y +210%",104.9,-18%,140.4,104.9,2023-02-14,104.9,STOP_LOSS,"Stop-loss hit at 105; had peaked +10%, SL trailed to 105",-18.6
ANANDRATHI,2023-01-27,203.9,20,26.9,30.0,18.0,n/a,"Rank #20 of 545 by 6m-return/volatility | 6m +30%, vol ~18%/yr",167.2,-18%,212.4,167.2,2023-02-28,185.2,RANK_DROP,Dropped out of top-25 (momentum faded); sold at close 185,-9.8
IDFC,2023-01-27,81.6,17,27.52,56.0,32.0,29.0,"Rank #17 of 545 by 6m-return/volatility | 6m +56%, vol ~32%/yr, 5y +29% (not over-extended)",66.9,-18%,92.4,66.9,2023-02-28,76.0,RANK_DROP,Dropped out of top-25 (momentum faded); sold at close 76,-7.5
SOLARINDS,2023-01-27,4104.2,24,25.81,45.0,28.0,250.0,"Rank #24 of 545 by 6m-return/volatility | 6m +45%, vol ~28%/yr, 5y +250%",3365.4,-18%,4140.0,3365.4,2023-02-28,3919.9,RANK_DROP,Dropped out of top-25 (momentum faded); sold at close 3920,-5.1
APOLLO,2023-01-27,22.0,19,27.3,110.0,64.0,n/a,"Rank #19 of 545 by 6m-return/volatility | 6m +110%, vol ~64%/yr",18.1,-18%,25.3,18.1,2023-02-28,20.9,RANK_DROP,Dropped out of top-25 (momentum faded); sold at close 21,-5.7
BECTORFOOD,2023-01-27,105.1,23,26.2,49.0,30.0,n/a,"Rank #23 of 545 by 6m-return/volatility | 6m +49%, vol ~30%/yr",86.2,-18% ->BE@+15%,123.8,105.1,2023-02-28,111.2,RANK_DROP,Dropped out of top-25 (momentum faded); sold at close 111,5.3
INDIANB,2023-01-27,251.5,25,25.51,64.0,40.0,-18.0,"Rank #25 of 545 by 6m-return/volatility | 6m +64%, vol ~40%/yr, 5y -18% (not over-extended)",206.3,-18%,276.2,206.3,2023-02-28,229.0,RANK_DROP,Dropped out of top-25 (momentum faded); sold at close 229,-9.5
KIRLFER,2023-01-27,355.1,10,31.0,77.0,40.0,n/a,"Rank #10 of 545 by 6m-return/volatility | 6m +77%, vol ~40%/yr",291.2,-18% ->BE@+15% ->20%-trail,477.4,382.0,2023-05-09,432.7,RANK_DROP,Dropped out of top-25 (momentum faded); sold at close 433,21.3
RVNL,2023-01-27,63.1,9,32.05,137.0,68.0,n/a,"Rank #9 of 545 by 6m-return/volatility | 6m +137%, vol ~68%/yr",51.7,-18%,68.8,51.7,2023-02-28,51.7,STOP_LOSS,"Stop-loss hit at 52; had peaked +9%, SL trailed to 52",-18.6
HNDFDS,2023-02-28,606.9,21,21.21,61.0,45.0,n/a,"Rank #21 of 552 by 6m-return/volatility | 6m +61%, vol ~45%/yr",497.6,-18%,616.3,497.6,2023-04-03,557.8,RANK_DROP,Dropped out of top-25 (momentum faded); sold at close 558,-8.7
PNBHOUSING,2023-02-28,597.2,19,21.61,72.0,53.0,-39.0,"Rank #19 of 552 by 6m-return/volatility | 6m +72%, vol ~53%/yr, 5y -39% (not over-extended)",489.7,-18%,654.8,489.7,2023-03-27,489.7,STOP_LOSS,"Stop-loss hit at 490; had peaked +10%, SL trailed to 490",-18.6
KPITTECH,2023-02-28,813.4,18,21.73,51.0,37.0,n/a,"Rank #18 of 552 by 6m-return/volatility | 6m +51%, vol ~37%/yr",667.0,-18%,928.1,667.0,2023-04-03,795.3,RANK_DROP,Dropped out of top-25 (momentum faded); sold at close 795,-2.8
BLUESTARCO,2023-02-28,842.0,12,24.95,33.0,21.0,98.0,"Rank #12 of 552 by 6m-return/volatility | 6m +33%, vol ~21%/yr, 5y +98% (not over-extended)",690.5,-18%,946.8,690.5,2023-04-03,813.6,RANK_DROP,Dropped out of top-25 (momentum faded); sold at close 814,-4.0
FOODSIN,2023-02-28,103.5,23,20.79,78.0,59.0,n/a,"Rank #23 of 552 by 6m-return/volatility | 6m +78%, vol ~59%/yr",84.9,-18%,105.3,84.9,2023-04-03,98.2,RANK_DROP,Dropped out of top-25 (momentum faded); sold at close 98,-5.8
EQUITASBNK,2023-02-28,71.5,22,20.87,57.0,43.0,n/a,"Rank #22 of 552 by 6m-return/volatility | 6m +57%, vol ~43%/yr",58.6,-18%,77.9,58.6,2023-04-03,68.3,RANK_DROP,Dropped out of top-25 (momentum faded); sold at close 68,-5.1
TRITURBINE,2023-02-28,332.2,17,22.2,61.0,44.0,150.0,"Rank #17 of 552 by 6m-return/volatility | 6m +61%, vol ~44%/yr, 5y +150% (not over-extended)",272.4,-18% ->BE@+15%,385.5,332.2,2023-03-03,332.2,STOP_LOSS,"Stop-loss hit at 332; had peaked +16%, SL trailed to 332",-0.6
MOLDTECH,2023-02-28,244.1,5,29.94,165.0,87.0,734.0,"Rank #5 of 552 by 6m-return/volatility | 6m +165%, vol ~87%/yr, 5y +734%",200.1,-18%,275.3,200.1,2023-04-03,245.3,RANK_DROP,Dropped out of top-25 (momentum faded); sold at close 245,-0.1
VERTOZ,2023-02-28,74.0,7,29.26,131.0,71.0,n/a,"Rank #7 of 552 by 6m-return/volatility | 6m +131%, vol ~71%/yr",60.7,-18%,80.7,60.7,2023-04-03,69.8,RANK_DROP,Dropped out of top-25 (momentum faded); sold at close 70,-6.3
SAKSOFT,2023-02-28,116.1,20,21.48,56.0,42.0,576.0,"Rank #20 of 552 by 6m-return/volatility | 6m +56%, vol ~42%/yr, 5y +576%",95.2,-18%,124.4,95.2,2023-04-03,118.5,RANK_DROP,Dropped out of top-25 (momentum faded); sold at close 119,1.5
SUPREMEIND,2023-02-28,2606.4,16,22.22,43.0,31.0,133.0,"Rank #16 of 552 by 6m-return/volatility | 6m +43%, vol ~31%/yr, 5y +133% (not over-extended)",2137.3,-18%,2627.7,2137.3,2023-04-03,2373.0,RANK_DROP,Dropped out of top-25 (momentum faded); sold at close 2373,-9.6
ATULAUTO,2023-02-28,286.5,11,25.78,88.0,54.0,-19.0,"Rank #11 of 552 by 6m-return/volatility | 6m +88%, vol ~54%/yr, 5y -19% (not over-extended)",234.9,-18% ->BE@+15%,360.7,286.5,2023-05-02,286.5,STOP_LOSS,"Stop-loss hit at 287; had peaked +26%, SL trailed to 287",-0.6
KTKBANK,2023-02-28,134.7,8,28.72,90.0,50.0,4.0,"Rank #8 of 552 by 6m-return/volatility | 6m +90%, vol ~50%/yr, 5y +4% (not over-extended)",110.5,-18%,150.4,110.5,2023-05-09,124.5,RANK_DROP,Dropped out of top-25 (momentum faded); sold at close 124,-8.2
IONEXCHANG,2023-02-28,321.9,4,30.24,86.0,45.0,n/a,"Rank #4 of 552 by 6m-return/volatility | 6m +86%, vol ~45%/yr",263.9,-18% ->BE@+15%,403.9,321.9,2023-06-08,387.8,RANK_DROP,Dropped out of top-25 (momentum faded); sold at close 388,19.9
FINCABLES,2023-02-28,739.3,24,20.78,57.0,43.0,8.0,"Rank #24 of 552 by 6m-return/volatility | 6m +57%, vol ~43%/yr, 5y +8% (not over-extended)",606.3,-18% ->BE@+15% ->20%-trail,981.7,785.3,2023-06-08,830.3,RANK_DROP,Dropped out of top-25 (momentum faded); sold at close 830,11.7
TWL,2023-02-28,208.1,25,20.32,58.0,45.0,19.0,"Rank #25 of 552 by 6m-return/volatility | 6m +58%, vol ~45%/yr, 5y +19% (not over-extended)",170.6,-18% ->BE@+15% ->20%-trail,284.0,227.2,2023-04-03,277.0,RANK_DROP,Dropped out of top-25 (momentum faded); sold at close 277,32.5
JINDALSAW,2023-02-28,71.6,14,23.83,76.0,50.0,11.0,"Rank #14 of 552 by 6m-return/volatility | 6m +76%, vol ~50%/yr, 5y +11% (not over-extended)",58.7,-18% ->BE@+15%,85.6,71.6,2023-03-17,71.6,STOP_LOSS,"Stop-loss hit at 72; had peaked +20%, SL trailed to 72",-0.6
CUMMINSIND,2023-04-03,1541.0,24,23.45,36.0,24.0,107.0,"Rank #24 of 542 by 6m-return/volatility | 6m +36%, vol ~24%/yr, 5y +107% (not over-extended)",1263.6,-18%,1568.6,1263.6,2023-05-09,1557.2,RANK_DROP,Dropped out of top-25 (momentum faded); sold at close 1557,0.5
APARINDS,2023-04-03,2599.5,19,25.3,112.0,70.0,251.0,"Rank #19 of 542 by 6m-return/volatility | 6m +112%, vol ~70%/yr, 5y +251%",2131.6,-18% ->BE@+15%,3288.0,2599.5,2023-05-09,2599.5,STOP_LOSS,"Stop-loss hit at 2600; had peaked +26%, SL trailed to 2600",-0.6
RELINFRA,2023-04-03,165.7,23,23.52,70.0,47.0,-58.0,"Rank #23 of 542 by 6m-return/volatility | 6m +70%, vol ~47%/yr, 5y -58% (not over-extended)",135.9,-18% ->BE@+15%,191.1,165.7,2023-05-09,170.1,RANK_DROP,Dropped out of top-25 (momentum faded); sold at close 170,2.1
UNIONBANK,2023-04-03,63.5,25,23.27,55.0,38.0,-30.0,"Rank #25 of 542 by 6m-return/volatility | 6m +55%, vol ~38%/yr, 5y -30% (not over-extended)",52.1,-18% ->BE@+15%,73.8,63.5,2023-05-09,67.6,RANK_DROP,Dropped out of top-25 (momentum faded); sold at close 68,5.8
J&KBANK,2023-04-03,50.0,5,34.7,85.0,39.0,-14.0,"Rank #5 of 542 by 6m-return/volatility | 6m +85%, vol ~39%/yr, 5y -14% (not over-extended)",41.0,-18% ->BE@+15%,62.8,50.0,2023-05-09,55.0,RANK_DROP,Dropped out of top-25 (momentum faded); sold at close 55,9.3
IMAGICAA,2023-04-03,47.8,6,30.98,141.0,72.0,n/a,"Rank #6 of 542 by 6m-return/volatility | 6m +141%, vol ~72%/yr",39.2,-18%,50.6,39.2,2023-05-09,44.7,RANK_DROP,Dropped out of top-25 (momentum faded); sold at close 45,-7.0
SONATSOFTW,2023-04-03,459.8,10,26.83,73.0,43.0,153.0,"Rank #10 of 542 by 6m-return/volatility | 6m +73%, vol ~43%/yr, 5y +153% (not over-extended)",377.0,-18%,483.3,377.0,2023-05-09,453.1,RANK_DROP,Dropped out of top-25 (momentum faded); sold at close 453,-2.0
SUNFLAG,2023-04-03,148.4,21,25.15,86.0,54.0,86.0,"Rank #21 of 542 by 6m-return/volatility | 6m +86%, vol ~54%/yr, 5y +86% (not over-extended)",121.7,-18% ->BE@+15%,176.3,148.4,2023-05-30,148.4,STOP_LOSS,"Stop-loss hit at 148; had peaked +19%, SL trailed to 148",-0.6
MARKSANS,2023-04-03,75.6,16,26.03,53.0,32.0,108.0,"Rank #16 of 542 by 6m-return/volatility | 6m +53%, vol ~32%/yr, 5y +108% (not over-extended)",62.0,-18% ->BE@+15%,88.2,75.6,2023-05-22,75.6,STOP_LOSS,"Stop-loss hit at 76; had peaked +17%, SL trailed to 76",-0.6
NCC,2023-04-03,98.2,18,25.75,54.0,33.0,-3.0,"Rank #18 of 542 by 6m-return/volatility | 6m +54%, vol ~33%/yr, 5y -3% (not over-extended)",80.5,-18% ->BE@+15%,116.5,98.2,2023-05-23,98.2,STOP_LOSS,"Stop-loss hit at 98; had peaked +19%, SL trailed to 98",-0.6
USHAMART,2023-04-03,216.9,8,28.64,78.0,43.0,941.0,"Rank #8 of 542 by 6m-return/volatility | 6m +78%, vol ~43%/yr, 5y +941%",177.9,-18% ->BE@+15% ->20%-trail,300.0,240.0,2023-07-11,294.9,RANK_DROP,Dropped out of top-25 (momentum faded); sold at close 295,35.3
HARIOMPIPE,2023-04-03,491.6,7,29.55,85.0,46.0,n/a,"Rank #7 of 542 by 6m-return/volatility | 6m +85%, vol ~46%/yr",403.1,-18% ->BE@+15% ->20%-trail,717.7,574.1,2023-07-11,665.2,RANK_DROP,Dropped out of top-25 (momentum faded); sold at close 665,34.7
FACT,2023-04-03,205.9,13,26.48,102.0,61.0,326.0,"Rank #13 of 542 by 6m-return/volatility | 6m +102%, vol ~61%/yr, 5y +326%",168.9,-18% ->BE@+15% ->20%-trail,469.1,375.3,2023-07-11,454.3,RANK_DROP,Dropped out of top-25 (momentum faded); sold at close 454,120.0
JBMA,2023-04-03,305.2,9,28.29,85.0,48.0,316.0,"Rank #9 of 542 by 6m-return/volatility | 6m +85%, vol ~48%/yr, 5y +316%",250.2,-18% ->BE@+15% ->20%-trail,667.3,533.8,2023-08-10,555.8,RANK_DROP,Dropped out of top-25 (momentum faded); sold at close 556,81.5
BECTORFOOD,2023-04-03,126.8,22,24.5,59.0,38.0,n/a,"Rank #22 of 542 by 6m-return/volatility | 6m +59%, vol ~38%/yr",104.0,-18% ->BE@+15% ->20%-trail,252.1,201.7,2023-09-12,218.0,RANK_DROP,Dropped out of top-25 (momentum faded); sold at close 218,71.3
PSB,2023-05-09,32.0,24,25.23,94.0,59.0,-11.0,"Rank #24 of 581 by 6m-return/volatility | 6m +94%, vol ~59%/yr, 5y -11% (not over-extended)",26.2,-18%,34.2,26.2,2023-06-08,32.8,RANK_DROP,Dropped out of top-25 (momentum faded); sold at close 33,2.1
NEWGEN,2023-05-09,414.9,18,28.03,67.0,38.0,n/a,"Rank #18 of 581 by 6m-return/volatility | 6m +67%, vol ~38%/yr",340.2,-18% ->BE@+15%,505.2,414.9,2023-06-08,468.0,RANK_DROP,Dropped out of top-25 (momentum faded); sold at close 468,12.2
SUVENPHAR,2023-05-09,522.4,16,29.03,17.0,9.0,n/a,"Rank #16 of 581 by 6m-return/volatility | 6m +17%, vol ~9%/yr",428.3,-18%,531.5,428.3,2023-06-08,522.6,RANK_DROP,Dropped out of top-25 (momentum faded); sold at close 523,-0.6
MOLDTECH,2023-05-09,311.2,7,37.36,179.0,76.0,832.0,"Rank #7 of 581 by 6m-return/volatility | 6m +179%, vol ~76%/yr, 5y +832%",255.2,-18% ->BE@+15%,365.6,311.2,2023-06-08,338.2,RANK_DROP,Dropped out of top-25 (momentum faded); sold at close 338,8.1
VERTOZ,2023-05-09,78.4,5,41.15,154.0,59.0,n/a,"Rank #5 of 581 by 6m-return/volatility | 6m +154%, vol ~59%/yr",64.3,-18%,88.1,64.3,2023-09-25,76.6,RANK_DROP,Dropped out of top-25 (momentum faded); sold at close 77,-2.9
SBC,2023-05-09,13.7,1,52.78,208.0,63.0,n/a,"Rank #1 of 581 by 6m-return/volatility | 6m +208%, vol ~63%/yr",11.2,-18% ->BE@+15%,16.6,13.7,2023-09-26,16.4,RANK_DROP,Dropped out of top-25 (momentum faded); sold at close 16,19.2
VINYLINDIA,2023-05-09,419.2,10,33.85,136.0,64.0,645.0,"Rank #10 of 581 by 6m-return/volatility | 6m +136%, vol ~64%/yr, 5y +645%",343.7,-18%,444.7,343.7,2023-06-08,421.0,RANK_DROP,Dropped out of top-25 (momentum faded); sold at close 421,-0.2
CYIENT,2023-05-09,1162.8,17,28.26,59.0,33.0,79.0,"Rank #17 of 581 by 6m-return/volatility | 6m +59%, vol ~33%/yr, 5y +79% (not over-extended)",953.5,-18% ->BE@+15% ->20%-trail,1524.8,1219.8,2023-06-08,1357.5,RANK_DROP,Dropped out of top-25 (momentum faded); sold at close 1358,16.1
SURYAROSNI,2023-05-09,216.8,12,33.02,97.0,46.0,112.0,"Rank #12 of 581 by 6m-return/volatility | 6m +97%, vol ~46%/yr, 5y +112% (not over-extended)",177.8,-18%,228.7,177.8,2023-06-08,210.8,RANK_DROP,Dropped out of top-25 (momentum faded); sold at close 211,-3.4
KAMDHENU,2023-05-09,31.2,25,24.92,60.0,38.0,146.0,"Rank #25 of 581 by 6m-return/volatility | 6m +60%, vol ~38%/yr, 5y +146% (not over-extended)",25.6,-18%,34.3,25.6,2023-06-08,29.5,RANK_DROP,Dropped out of top-25 (momentum faded); sold at close 29,-6.2
MAHINDCIE,2023-06-08,512.7,18,30.23,77.0,41.0,111.0,"Rank #18 of 661 by 6m-return/volatility | 6m +77%, vol ~41%/yr, 5y +111% (not over-extended)",420.4,-18%,523.2,420.4,2023-06-16,507.7,RANK_DROP,Dropped out of top-25 (momentum faded); sold at close 508,-1.6
NAVA,2023-06-08,143.5,25,26.71,62.0,37.0,n/a,"Rank #25 of 661 by 6m-return/volatility | 6m +62%, vol ~37%/yr",117.7,-18%,159.4,117.7,2023-07-11,148.6,RANK_DROP,Dropped out of top-25 (momentum faded); sold at close 149,2.9
LSIL,2023-06-08,26.8,12,32.16,108.0,53.0,2608.0,"Rank #12 of 661 by 6m-return/volatility | 6m +108%, vol ~53%/yr, 5y +2608%",22.0,-18% ->BE@+15%,31.3,26.8,2023-07-11,29.8,RANK_DROP,Dropped out of top-25 (momentum faded); sold at close 30,10.4
HGINFRA,2023-06-08,923.5,23,27.05,57.0,34.0,176.0,"Rank #23 of 661 by 6m-return/volatility | 6m +57%, vol ~34%/yr, 5y +176% (not over-extended)",757.3,-18%,930.5,757.3,2023-07-11,882.5,RANK_DROP,Dropped out of top-25 (momentum faded); sold at close 882,-5.0
RKFORGE,2023-06-08,383.2,22,27.49,63.0,37.0,146.0,"Rank #22 of 661 by 6m-return/volatility | 6m +63%, vol ~37%/yr, 5y +146% (not over-extended)",314.2,-18% ->BE@+15%,490.0,383.2,2023-07-11,444.0,RANK_DROP,Dropped out of top-25 (momentum faded); sold at close 444,15.3
MANAKSIA,2023-06-08,177.7,10,33.87,126.0,59.0,427.0,"Rank #10 of 661 by 6m-return/volatility | 6m +126%, vol ~59%/yr, 5y +427%",145.7,-18%,194.2,145.7,2023-07-11,152.0,RANK_DROP,Dropped out of top-25 (momentum faded); sold at close 152,-15.1
ANANTRAJ,2023-06-08,183.9,24,26.9,62.0,36.0,480.0,"Rank #24 of 661 by 6m-return/volatility | 6m +62%, vol ~36%/yr, 5y +480%",150.8,-18%,210.1,150.8,2023-07-11,207.3,RANK_DROP,Dropped out of top-25 (momentum faded); sold at close 207,12.1
BAJAJ-AUTO,2023-06-08,4967.7,21,28.16,31.0,18.0,72.0,"Rank #21 of 661 by 6m-return/volatility | 6m +31%, vol ~18%/yr, 5y +72% (not over-extended)",4073.5,-18%,5126.8,4073.5,2023-07-11,5088.7,RANK_DROP,Dropped out of top-25 (momentum faded); sold at close 5089,1.8
PGEL,2023-06-08,162.7,8,36.69,57.0,25.0,112.0,"Rank #8 of 661 by 6m-return/volatility | 6m +57%, vol ~25%/yr, 5y +112% (not over-extended)",133.4,-18%,168.2,133.4,2023-07-11,153.5,RANK_DROP,Dropped out of top-25 (momentum faded); sold at close 154,-6.2
KAYNES,2023-06-08,1497.4,19,29.98,95.0,50.0,n/a,"Rank #19 of 661 by 6m-return/volatility | 6m +95%, vol ~50%/yr",1227.9,-18% ->BE@+15% ->20%-trail,1978.3,1582.6,2023-08-10,1776.1,RANK_DROP,Dropped out of top-25 (momentum faded); sold at close 1776,18.0
ITC,2023-06-08,439.7,13,32.15,32.0,16.0,68.0,"Rank #13 of 661 by 6m-return/volatility | 6m +32%, vol ~16%/yr, 5y +68% (not over-extended)",360.6,-18%,496.1,360.6,2023-08-10,448.5,RANK_DROP,Dropped out of top-25 (momentum faded); sold at close 449,1.4
FOODSIN,2023-06-08,135.4,4,39.35,114.0,46.0,n/a,"Rank #4 of 661 by 6m-return/volatility | 6m +114%, vol ~46%/yr",111.1,-18% ->BE@+15%,166.9,135.4,2023-08-10,144.4,RANK_DROP,Dropped out of top-25 (momentum faded); sold at close 144,6.0
NUCLEUS,2023-06-08,1032.7,5,38.8,174.0,71.0,193.0,"Rank #5 of 661 by 6m-return/volatility | 6m +174%, vol ~71%/yr, 5y +193% (not over-extended)",846.8,-18%,1158.1,846.8,2023-08-10,971.9,RANK_DROP,Dropped out of top-25 (momentum faded); sold at close 972,-6.5
SAFARI,2023-06-08,1532.2,17,30.67,69.0,36.0,n/a,"Rank #17 of 661 by 6m-return/volatility | 6m +69%, vol ~36%/yr",1256.4,-18% ->BE@+15%,1945.6,1532.2,2023-08-10,1846.5,RANK_DROP,Dropped out of top-25 (momentum faded); sold at close 1846,19.9
SAKSOFT,2023-06-08,213.7,20,29.08,111.0,60.0,1120.0,"Rank #20 of 661 by 6m-return/volatility | 6m +111%, vol ~60%/yr, 5y +1120%",175.2,-18% ->BE@+15% ->20%-trail,305.0,244.0,2023-09-12,255.4,RANK_DROP,Dropped out of top-25 (momentum faded); sold at close 255,18.9
ZENTEC,2023-06-08,336.2,7,37.02,114.0,49.0,308.0,"Rank #7 of 661 by 6m-return/volatility | 6m +114%, vol ~49%/yr, 5y +308%",275.7,-18%,380.6,275.7,2023-07-11,374.2,RANK_DROP,Dropped out of top-25 (momentum faded); sold at close 374,10.7
VENUSPIPES,2023-06-08,1098.1,11,33.56,51.0,24.0,n/a,"Rank #11 of 661 by 6m-return/volatility | 6m +51%, vol ~24%/yr",900.4,-18% ->BE@+15% ->20%-trail,1578.9,1263.1,2023-09-25,1263.1,STOP_LOSS,"Stop-loss hit at 1263; had peaked +44%, SL trailed to 1263",14.4
ABB,2023-07-11,4211.9,10,41.71,66.0,25.0,333.0,"Rank #10 of 733 by 6m-return/volatility | 6m +66%, vol ~25%/yr, 5y +333%",3453.8,-18%,4319.7,3453.8,2023-08-10,4217.4,RANK_DROP,Dropped out of top-25 (momentum faded); sold at close 4217,-0.5
IONEXCHANG,2023-07-11,505.9,25,33.55,90.0,43.0,n/a,"Rank #25 of 733 by 6m-return/volatility | 6m +90%, vol ~43%/yr",414.8,-18% ->BE@+15%,609.8,505.9,2023-08-02,505.9,STOP_LOSS,"Stop-loss hit at 506; had peaked +21%, SL trailed to 506",-0.6
MON100,2023-07-11,120.9,12,40.47,36.0,14.0,n/a,"Rank #12 of 733 by 6m-return/volatility | 6m +36%, vol ~14%/yr",99.1,-18%,129.9,99.1,2023-08-10,122.6,RANK_DROP,Dropped out of top-25 (momentum faded); sold at close 123,0.8
OLECTRA,2023-07-11,1317.2,2,56.56,164.0,46.0,n/a,"Rank #2 of 733 by 6m-return/volatility | 6m +164%, vol ~46%/yr",1080.1,-18%,1465.0,1080.1,2023-07-25,1080.1,STOP_LOSS,"Stop-loss hit at 1080; had peaked +11%, SL trailed to 1080",-18.6
TATAMTRDVR,2023-07-11,338.2,21,35.23,62.0,28.0,103.0,"Rank #21 of 733 by 6m-return/volatility | 6m +62%, vol ~28%/yr, 5y +103% (not over-extended)",277.4,-18% ->BE@+15%,437.0,338.2,2023-08-10,404.9,RANK_DROP,Dropped out of top-25 (momentum faded); sold at close 405,19.1
BCLIND,2023-07-11,48.3,23,34.2,54.0,25.0,n/a,"Rank #23 of 733 by 6m-return/volatility | 6m +54%, vol ~25%/yr",39.6,-18%,49.8,39.6,2023-08-10,47.0,RANK_DROP,Dropped out of top-25 (momentum faded); sold at close 47,-3.2
CHENNPETRO,2023-07-11,426.3,11,40.56,112.0,44.0,48.0,"Rank #11 of 733 by 6m-return/volatility | 6m +112%, vol ~44%/yr, 5y +48% (not over-extended)",349.5,-18%,436.9,349.5,2023-08-10,360.2,RANK_DROP,Dropped out of top-25 (momentum faded); sold at close 360,-16.1
HAL,2023-07-11,1752.1,22,34.55,58.0,27.0,355.0,"Rank #22 of 733 by 6m-return/volatility | 6m +58%, vol ~27%/yr, 5y +355%",1436.7,-18%,1788.5,1436.7,2023-08-10,1695.8,RANK_DROP,Dropped out of top-25 (momentum faded); sold at close 1696,-3.8
TATAMOTORS,2023-07-11,376.1,9,42.42,63.0,24.0,120.0,"Rank #9 of 733 by 6m-return/volatility | 6m +63%, vol ~24%/yr, 5y +120% (not over-extended)",308.4,-18%,398.2,308.4,2023-08-10,370.0,RANK_DROP,Dropped out of top-25 (momentum faded); sold at close 370,-2.2
ANUP,2023-07-11,1159.1,13,40.03,109.0,43.0,n/a,"Rank #13 of 733 by 6m-return/volatility | 6m +109%, vol ~43%/yr",950.5,-18% ->BE@+15%,1361.5,1159.1,2023-08-10,1250.6,RANK_DROP,Dropped out of top-25 (momentum faded); sold at close 1251,7.3
KIRLOSBROS,2023-07-11,678.8,24,33.62,114.0,54.0,142.0,"Rank #24 of 733 by 6m-return/volatility | 6m +114%, vol ~54%/yr, 5y +142% (not over-extended)",556.6,-18% ->BE@+15% ->20%-trail,993.1,794.5,2023-08-16,794.5,STOP_LOSS,"Stop-loss hit at 794; had peaked +46%, SL trailed to 794",16.4
ACE,2023-07-11,674.0,15,39.63,94.0,38.0,377.0,"Rank #15 of 733 by 6m-return/volatility | 6m +94%, vol ~38%/yr, 5y +377%",552.6,-18% ->BE@+15% ->20%-trail,899.1,719.3,2023-09-12,719.3,STOP_LOSS,"Stop-loss hit at 719; had peaked +33%, SL trailed to 719",6.1
AUROPHARMA,2023-07-11,772.7,20,35.38,67.0,30.0,21.0,"Rank #20 of 733 by 6m-return/volatility | 6m +67%, vol ~30%/yr, 5y +21% (not over-extended)",633.6,-18% ->BE@+15%,975.8,772.7,2023-10-16,954.3,RANK_DROP,Dropped out of top-25 (momentum faded); sold at close 954,22.9
SDBL,2023-07-11,139.5,3,53.54,167.0,50.0,765.0,"Rank #3 of 733 by 6m-return/volatility | 6m +167%, vol ~50%/yr, 5y +765%",114.4,-18% ->BE@+15%,164.6,139.5,2023-08-09,139.5,STOP_LOSS,"Stop-loss hit at 139; had peaked +18%, SL trailed to 139",-0.6
USHAMART,2023-08-10,334.0,25,41.07,81.0,31.0,1248.0,"Rank #25 of 784 by 6m-return/volatility | 6m +81%, vol ~31%/yr, 5y +1248%",273.9,-18%,374.0,273.9,2023-09-12,357.1,RANK_DROP,Dropped out of top-25 (momentum faded); sold at close 357,6.3
ZOMATO,2023-08-10,101.1,19,43.37,97.0,36.0,n/a,"Rank #19 of 784 by 6m-return/volatility | 6m +97%, vol ~36%/yr",82.9,-18%,110.0,82.9,2023-09-12,105.9,RANK_DROP,Dropped out of top-25 (momentum faded); sold at close 106,4.2
UNICHEMLAB,2023-08-10,426.5,15,46.81,31.0,10.0,76.0,"Rank #15 of 784 by 6m-return/volatility | 6m +31%, vol ~10%/yr, 5y +76% (not over-extended)",349.8,-18%,477.0,349.8,2023-09-12,425.9,RANK_DROP,Dropped out of top-25 (momentum faded); sold at close 426,-0.8
ITDCEM,2023-08-10,205.9,13,47.07,102.0,34.0,75.0,"Rank #13 of 784 by 6m-return/volatility | 6m +102%, vol ~34%/yr, 5y +75% (not over-extended)",168.8,-18% ->BE@+15%,250.6,205.9,2023-09-12,227.1,RANK_DROP,Dropped out of top-25 (momentum faded); sold at close 227,9.7
POWERMECH,2023-08-10,2033.5,6,52.95,141.0,42.0,336.0,"Rank #6 of 784 by 6m-return/volatility | 6m +141%, vol ~42%/yr, 5y +336%",1667.5,-18% ->BE@+15%,2343.6,2033.5,2023-09-12,2171.9,RANK_DROP,Dropped out of top-25 (momentum faded); sold at close 2172,6.2
ANANTRAJ,2023-08-10,212.1,18,44.01,81.0,29.0,574.0,"Rank #18 of 784 by 6m-return/volatility | 6m +81%, vol ~29%/yr, 5y +574%",174.0,-18% ->BE@+15%,267.5,212.1,2023-09-12,245.0,RANK_DROP,Dropped out of top-25 (momentum faded); sold at close 245,14.9
NEULANDLAB,2023-08-10,4010.1,9,47.85,184.0,61.0,557.0,"Rank #9 of 784 by 6m-return/volatility | 6m +184%, vol ~61%/yr, 5y +557%",3288.2,-18%,4340.0,3288.2,2023-09-12,3536.4,RANK_DROP,Dropped out of top-25 (momentum faded); sold at close 3536,-12.4
MARINE,2023-08-10,56.6,20,43.28,130.0,48.0,n/a,"Rank #20 of 784 by 6m-return/volatility | 6m +130%, vol ~48%/yr",46.4,-18%,60.9,46.4,2024-02-27,54.5,RANK_DROP,Dropped out of top-25 (momentum faded); sold at close 55,-4.3
DBCORP,2023-08-10,233.1,12,47.26,128.0,43.0,-8.0,"Rank #12 of 784 by 6m-return/volatility | 6m +128%, vol ~43%/yr, 5y -8% (not over-extended)",191.1,-18%,244.7,191.1,2023-09-12,205.4,RANK_DROP,Dropped out of top-25 (momentum faded); sold at close 205,-12.5
PREMEXPLN,2023-08-10,160.6,21,42.78,177.0,66.0,93.0,"Rank #21 of 784 by 6m-return/volatility | 6m +177%, vol ~66%/yr, 5y +93% (not over-extended)",131.7,-18% ->BE@+15%,190.9,160.6,2023-12-06,184.7,RANK_DROP,Dropped out of top-25 (momentum faded); sold at close 185,14.4
BHARATWIRE,2023-08-10,165.0,23,42.04,113.0,42.0,121.0,"Rank #23 of 784 by 6m-return/volatility | 6m +113%, vol ~42%/yr, 5y +121% (not over-extended)",135.3,-18% ->BE@+15%,210.1,165.0,2023-09-12,191.4,RANK_DROP,Dropped out of top-25 (momentum faded); sold at close 191,15.4
PFC,2023-08-10,263.9,7,49.61,86.0,28.0,298.0,"Rank #7 of 784 by 6m-return/volatility | 6m +86%, vol ~28%/yr, 5y +298%",216.4,-18% ->BE@+15%,310.2,263.9,2023-09-12,279.6,RANK_DROP,Dropped out of top-25 (momentum faded); sold at close 280,5.3
APARINDS,2023-08-10,3974.9,10,47.64,106.0,35.0,554.0,"Rank #10 of 784 by 6m-return/volatility | 6m +106%, vol ~35%/yr, 5y +554%",3259.4,-18% ->BE@+15% ->20%-trail,6019.8,4815.9,2023-10-16,5496.5,RANK_DROP,Dropped out of top-25 (momentum faded); sold at close 5496,37.7
GLENMARK,2023-08-10,779.9,5,54.3,103.0,30.0,44.0,"Rank #5 of 784 by 6m-return/volatility | 6m +103%, vol ~30%/yr, 5y +44% (not over-extended)",639.5,-18%,846.9,639.5,2023-10-16,767.8,RANK_DROP,Dropped out of top-25 (momentum faded); sold at close 768,-2.2
TARC,2023-08-10,95.6,14,46.96,108.0,37.0,n/a,"Rank #14 of 784 by 6m-return/volatility | 6m +108%, vol ~37%/yr",78.4,-18% ->BE@+15%,112.9,95.6,2023-09-21,95.6,STOP_LOSS,"Stop-loss hit at 96; had peaked +18%, SL trailed to 96",-0.6
RKFORGE,2023-08-10,570.5,17,44.78,111.0,39.0,354.0,"Rank #17 of 784 by 6m-return/volatility | 6m +111%, vol ~39%/yr, 5y +354%",467.8,-18% ->BE@+15% ->20%-trail,753.0,602.4,2023-09-12,602.4,STOP_LOSS,"Stop-loss hit at 602; had peaked +32%, SL trailed to 602",5.0
JWL,2023-08-10,207.8,24,41.21,135.0,52.0,n/a,"Rank #24 of 784 by 6m-return/volatility | 6m +135%, vol ~52%/yr",170.4,-18% ->BE@+15% ->20%-trail,362.9,290.3,2023-09-20,290.1,STOP_LOSS,"Stop-loss hit at 290; had peaked +75%, SL trailed to 290",39.0
RESPONIND,2023-09-12,312.3,24,44.56,156.0,56.0,252.0,"Rank #24 of 820 by 6m-return/volatility | 6m +156%, vol ~56%/yr, 5y +252%",256.1,-18% ->BE@+15%,365.0,312.3,2023-10-11,312.3,STOP_LOSS,"Stop-loss hit at 312; had peaked +17%, SL trailed to 312",-0.6
RVNL,2023-09-12,147.0,21,45.23,157.0,55.0,n/a,"Rank #21 of 820 by 6m-return/volatility | 6m +157%, vol ~55%/yr",120.6,-18%,153.1,120.6,2023-10-16,143.6,RANK_DROP,Dropped out of top-25 (momentum faded); sold at close 144,-2.9
IRFC,2023-09-12,73.2,13,49.57,197.0,63.0,n/a,"Rank #13 of 820 by 6m-return/volatility | 6m +197%, vol ~63%/yr",60.1,-18%,74.6,60.1,2023-10-16,67.5,RANK_DROP,Dropped out of top-25 (momentum faded); sold at close 67,-8.5
IRCON,2023-09-12,128.4,15,48.41,175.0,58.0,n/a,"Rank #15 of 820 by 6m-return/volatility | 6m +175%, vol ~58%/yr",105.3,-18%,132.2,105.3,2023-10-16,124.9,RANK_DROP,Dropped out of top-25 (momentum faded); sold at close 125,-3.3
TATAMTRDVR,2023-09-12,421.7,22,44.79,92.0,33.0,215.0,"Rank #22 of 820 by 6m-return/volatility | 6m +92%, vol ~33%/yr, 5y +215%",345.8,-18%,449.0,345.8,2023-10-16,441.3,RANK_DROP,Dropped out of top-25 (momentum faded); sold at close 441,4.0
SUZLON,2023-09-12,35.8,19,46.58,162.0,55.0,34.0,"Rank #19 of 820 by 6m-return/volatility | 6m +162%, vol ~55%/yr, 5y +34% (not over-extended)",29.4,-18% ->BE@+15% ->20%-trail,46.8,37.4,2024-01-19,40.5,RANK_DROP,Dropped out of top-25 (momentum faded); sold at close 40,12.4
RAMKY,2023-09-12,511.9,23,44.61,95.0,34.0,206.0,"Rank #23 of 820 by 6m-return/volatility | 6m +95%, vol ~34%/yr, 5y +206%",419.8,-18% ->BE@+15%,600.8,511.9,2023-10-16,591.7,RANK_DROP,Dropped out of top-25 (momentum faded); sold at close 592,15.0
KAYNES,2023-09-12,2192.3,9,50.69,128.0,40.0,n/a,"Rank #9 of 820 by 6m-return/volatility | 6m +128%, vol ~40%/yr",1797.7,-18% ->BE@+15% ->20%-trail,3063.7,2451.0,2023-10-23,2451.0,STOP_LOSS,"Stop-loss hit at 2451; had peaked +40%, SL trailed to 2451",11.2
FORCEMOT,2023-09-12,4965.6,4,56.37,183.0,52.0,n/a,"Rank #4 of 820 by 6m-return/volatility | 6m +183%, vol ~52%/yr",4071.8,-18%,5673.7,4071.8,2023-10-16,5207.4,RANK_DROP,Dropped out of top-25 (momentum faded); sold at close 5207,4.3
LUPIN,2023-09-12,1138.4,10,50.47,73.0,23.0,28.0,"Rank #10 of 820 by 6m-return/volatility | 6m +73%, vol ~23%/yr, 5y +28% (not over-extended)",933.5,-18%,1238.4,933.5,2023-11-17,1196.3,RANK_DROP,Dropped out of top-25 (momentum faded); sold at close 1196,4.5
SCHNEIDER,2023-09-12,786.6,25,44.04,109.0,39.0,248.0,"Rank #25 of 820 by 6m-return/volatility | 6m +109%, vol ~39%/yr, 5y +248%",645.0,-18% ->BE@+15%,922.9,786.6,2023-10-09,758.2,STOP_LOSS,"Stop-loss hit at 758; had peaked +17%, SL trailed to 787",-4.2
SKMEGGPROD,2023-09-12,297.3,7,53.82,202.0,60.0,270.0,"Rank #7 of 820 by 6m-return/volatility | 6m +202%, vol ~60%/yr, 5y +270%",243.8,-18%,331.8,243.8,2023-11-17,268.9,RANK_DROP,Dropped out of top-25 (momentum faded); sold at close 269,-10.2
CHOLAHLDNG,2023-09-12,1142.2,6,54.37,94.0,27.0,n/a,"Rank #6 of 820 by 6m-return/volatility | 6m +94%, vol ~27%/yr",936.6,-18% ->BE@+15%,1340.3,1142.2,2023-10-04,1142.2,STOP_LOSS,"Stop-loss hit at 1142; had peaked +17%, SL trailed to 1142",-0.6
TEXRAIL,2023-09-12,117.0,14,49.2,197.0,64.0,94.0,"Rank #14 of 820 by 6m-return/volatility | 6m +197%, vol ~64%/yr, 5y +94% (not over-extended)",95.9,-18%,127.7,95.9,2023-10-26,95.9,STOP_LOSS,"Stop-loss hit at 96; had peaked +9%, SL trailed to 96",-18.6
HSCL,2023-09-12,204.9,17,47.57,163.0,54.0,94.0,"Rank #17 of 820 by 6m-return/volatility | 6m +163%, vol ~54%/yr, 5y +94% (not over-extended)",168.1,-18% ->BE@+15%,239.5,204.9,2023-10-26,204.9,STOP_LOSS,"Stop-loss hit at 205; had peaked +17%, SL trailed to 205",-0.6
MAZDOCK,2023-09-12,899.8,18,47.03,182.0,61.0,n/a,"Rank #18 of 820 by 6m-return/volatility | 6m +182%, vol ~61%/yr",737.9,-18%,1025.0,737.9,2023-12-20,888.7,RANK_DROP,Dropped out of top-25 (momentum faded); sold at close 889,-1.8
BSE,2023-09-12,442.6,3,63.97,184.0,46.0,426.0,"Rank #3 of 820 by 6m-return/volatility | 6m +184%, vol ~46%/yr, 5y +426%",363.0,-18% ->BE@+15% ->20%-trail,836.9,669.5,2024-01-24,669.5,STOP_LOSS,"Stop-loss hit at 670; had peaked +89%, SL trailed to 670",50.7
GRWRHITECH,2023-10-16,1462.0,12,53.3,177.0,53.0,n/a,"Rank #12 of 759 by 6m-return/volatility | 6m +177%, vol ~53%/yr",1198.8,-18%,1520.9,1198.8,2023-11-17,1376.3,RANK_DROP,Dropped out of top-25 (momentum faded); sold at close 1376,-6.5
ELECTCAST,2023-10-16,86.3,24,48.28,146.0,48.0,387.0,"Rank #24 of 759 by 6m-return/volatility | 6m +146%, vol ~48%/yr, 5y +387%",70.7,-18% ->BE@+15%,110.0,86.3,2023-11-17,103.2,RANK_DROP,Dropped out of top-25 (momentum faded); sold at close 103,19.1
AGI,2023-10-16,1023.5,25,48.0,172.0,57.0,n/a,"Rank #25 of 759 by 6m-return/volatility | 6m +172%, vol ~57%/yr",839.2,-18%,1047.0,839.2,2023-11-17,966.8,RANK_DROP,Dropped out of top-25 (momentum faded); sold at close 967,-6.1
VASCONEQ,2023-10-16,82.2,18,50.82,181.0,56.0,228.0,"Rank #18 of 759 by 6m-return/volatility | 6m +181%, vol ~56%/yr, 5y +228%",67.4,-18%,87.7,67.4,2023-11-17,75.2,RANK_DROP,Dropped out of top-25 (momentum faded); sold at close 75,-9.1
WEBELSOLAR,2023-10-16,19.7,9,55.35,171.0,49.0,722.0,"Rank #9 of 759 by 6m-return/volatility | 6m +171%, vol ~49%/yr, 5y +722%",16.2,-18%,20.5,16.2,2023-10-20,16.1,STOP_LOSS,"Stop-loss hit at 16; had peaked +4%, SL trailed to 16",-19.1
PRAKASH,2023-10-16,190.0,1,77.85,280.0,57.0,56.0,"Rank #1 of 759 by 6m-return/volatility | 6m +280%, vol ~57%/yr, 5y +56% (not over-extended)",155.8,-18% ->BE@+15%,232.3,190.0,2024-02-12,190.0,STOP_LOSS,"Stop-loss hit at 190; had peaked +22%, SL trailed to 190",-0.6
DBCORP,2023-10-16,281.4,22,49.87,179.0,57.0,47.0,"Rank #22 of 759 by 6m-return/volatility | 6m +179%, vol ~57%/yr, 5y +47% (not over-extended)",230.7,-18%,310.6,230.7,2023-12-20,238.5,RANK_DROP,Dropped out of top-25 (momentum faded); sold at close 238,-15.9
GENUSPOWER,2023-10-16,255.3,6,59.11,207.0,56.0,730.0,"Rank #6 of 759 by 6m-return/volatility | 6m +207%, vol ~56%/yr, 5y +730%",209.4,-18%,260.2,209.4,2023-11-30,209.4,STOP_LOSS,"Stop-loss hit at 209; had peaked +2%, SL trailed to 209",-18.6
KALYANKJIL,2023-10-16,293.1,15,51.89,172.0,53.0,n/a,"Rank #15 of 759 by 6m-return/volatility | 6m +172%, vol ~53%/yr",240.3,-18% ->BE@+15% ->20%-trail,407.8,326.2,2024-01-23,363.6,RANK_DROP,Dropped out of top-25 (momentum faded); sold at close 364,23.5
BSOFT,2023-10-16,544.1,11,53.31,107.0,32.0,n/a,"Rank #11 of 759 by 6m-return/volatility | 6m +107%, vol ~32%/yr",446.2,-18% ->BE@+15% ->20%-trail,861.8,689.5,2024-02-23,810.2,RANK_DROP,Dropped out of top-25 (momentum faded); sold at close 810,48.3
EMIL,2023-10-16,160.3,23,48.56,143.0,47.0,n/a,"Rank #23 of 759 by 6m-return/volatility | 6m +143%, vol ~47%/yr",131.4,-18% ->BE@+15% ->20%-trail,244.6,195.6,2024-02-23,203.9,RANK_DROP,Dropped out of top-25 (momentum faded); sold at close 204,26.6
HBLPOWER,2023-10-16,284.1,20,50.53,183.0,58.0,959.0,"Rank #20 of 759 by 6m-return/volatility | 6m +183%, vol ~58%/yr, 5y +959%",233.0,-18% ->BE@+15% ->20%-trail,479.5,383.6,2023-12-20,383.6,STOP_LOSS,"Stop-loss hit at 384; had peaked +69%, SL trailed to 384",34.4
RECLTD,2023-10-16,279.7,21,49.99,142.0,45.0,192.0,"Rank #21 of 759 by 6m-return/volatility | 6m +142%, vol ~45%/yr, 5y +192% (not over-extended)",229.3,-18% ->BE@+15% ->20%-trail,498.4,398.7,2024-02-23,441.3,RANK_DROP,Dropped out of top-25 (momentum faded); sold at close 441,57.2
DIXON,2023-11-17,5426.9,14,50.13,83.0,26.0,1179.0,"Rank #14 of 779 by 6m-return/volatility | 6m +83%, vol ~26%/yr, 5y +1179%",4450.0,-18% ->BE@+15%,6765.0,5426.9,2023-12-20,6269.0,RANK_DROP,Dropped out of top-25 (momentum faded); sold at close 6269,14.9
RTNPOWER,2023-11-17,14.2,5,60.88,223.0,58.0,259.0,"Rank #5 of 779 by 6m-return/volatility | 6m +223%, vol ~58%/yr, 5y +259%",11.6,-18%,14.8,11.6,2023-12-05,11.6,STOP_LOSS,"Stop-loss hit at 12; had peaked +4%, SL trailed to 12",-18.6
MONARCH,2023-11-17,212.2,13,50.4,138.0,43.0,n/a,"Rank #13 of 779 by 6m-return/volatility | 6m +138%, vol ~43%/yr",174.0,-18%,225.5,174.0,2023-12-20,191.6,RANK_DROP,Dropped out of top-25 (momentum faded); sold at close 192,-10.3
CUPID,2023-11-17,15.8,19,48.33,208.0,68.0,383.0,"Rank #19 of 779 by 6m-return/volatility | 6m +208%, vol ~68%/yr, 5y +383%",13.0,-18% ->BE@+15%,19.2,15.8,2024-11-04,18.9,RANK_DROP,Dropped out of top-25 (momentum faded); sold at close 19,18.9
DBL,2023-11-17,396.1,25,45.39,132.0,46.0,13.0,"Rank #25 of 779 by 6m-return/volatility | 6m +132%, vol ~46%/yr, 5y +13% (not over-extended)",324.8,-18%,420.9,324.8,2023-12-20,350.5,RANK_DROP,Dropped out of top-25 (momentum faded); sold at close 350,-12.1
TIPSINDLTD,2023-11-17,379.4,16,49.12,123.0,40.0,2295.0,"Rank #16 of 779 by 6m-return/volatility | 6m +123%, vol ~40%/yr, 5y +2295%",311.1,-18%,399.4,311.1,2023-12-20,342.7,RANK_DROP,Dropped out of top-25 (momentum faded); sold at close 343,-10.3
TATAMTRDVR,2023-11-17,462.8,9,55.63,75.0,21.0,422.0,"Rank #9 of 779 by 6m-return/volatility | 6m +75%, vol ~21%/yr, 5y +422%",379.5,-18%,495.0,379.5,2023-12-20,471.2,RANK_DROP,Dropped out of top-25 (momentum faded); sold at close 471,1.2
KDDL,2023-11-17,2850.6,18,48.68,141.0,46.0,533.0,"Rank #18 of 779 by 6m-return/volatility | 6m +141%, vol ~46%/yr, 5y +533%",2337.5,-18%,3119.9,2337.5,2023-12-20,2673.9,RANK_DROP,Dropped out of top-25 (momentum faded); sold at close 2674,-6.8
DYCL,2023-11-17,191.7,24,45.88,210.0,73.0,n/a,"Rank #24 of 779 by 6m-return/volatility | 6m +210%, vol ~73%/yr",157.2,-18%,198.6,157.2,2023-12-20,186.0,RANK_DROP,Dropped out of top-25 (momentum faded); sold at close 186,-3.6
JINDALSAW,2023-11-17,232.2,15,49.21,179.0,58.0,539.0,"Rank #15 of 779 by 6m-return/volatility | 6m +179%, vol ~58%/yr, 5y +539%",190.4,-18%,233.7,190.4,2023-12-20,197.4,RANK_DROP,Dropped out of top-25 (momentum faded); sold at close 197,-15.6
APOLLO,2023-11-17,97.6,2,73.4,336.0,73.0,930.0,"Rank #2 of 779 by 6m-return/volatility | 6m +336%, vol ~73%/yr, 5y +930%",80.0,-18%,102.5,80.0,2024-04-25,93.9,RANK_DROP,Dropped out of top-25 (momentum faded); sold at close 94,-4.4
JYOTHYLAB,2023-11-17,472.0,22,47.58,116.0,39.0,152.0,"Rank #22 of 779 by 6m-return/volatility | 6m +116%, vol ~39%/yr, 5y +152% (not over-extended)",387.0,-18% ->BE@+15%,559.5,472.0,2024-01-23,553.7,RANK_DROP,Dropped out of top-25 (momentum faded); sold at close 554,16.7
SIGACHI,2023-11-17,49.8,23,46.4,124.0,42.0,n/a,"Rank #23 of 779 by 6m-return/volatility | 6m +124%, vol ~42%/yr",40.9,-18% ->BE@+15% ->20%-trail,81.7,65.3,2024-02-13,65.3,STOP_LOSS,"Stop-loss hit at 65; had peaked +64%, SL trailed to 65",30.5
PREMEXPLN,2023-11-17,174.3,11,52.17,218.0,66.0,128.0,"Rank #11 of 779 by 6m-return/volatility | 6m +218%, vol ~66%/yr, 5y +128% (not over-extended)",142.9,-18% ->BE@+15%,206.1,174.3,2024-01-24,174.3,STOP_LOSS,"Stop-loss hit at 174; had peaked +18%, SL trailed to 174",-0.6
ANANDRATHI,2023-11-17,535.6,3,69.11,156.0,36.0,n/a,"Rank #3 of 779 by 6m-return/volatility | 6m +156%, vol ~36%/yr",439.2,-18% ->BE@+15% ->20%-trail,1013.5,810.8,2024-06-05,941.3,RANK_DROP,Dropped out of top-25 (momentum faded); sold at close 941,75.1
TECHNOE,2023-12-20,875.1,18,44.2,103.0,37.0,n/a,"Rank #18 of 825 by 6m-return/volatility | 6m +103%, vol ~37%/yr",717.6,-18% ->BE@+15%,1013.8,875.1,2024-01-23,955.6,RANK_DROP,Dropped out of top-25 (momentum faded); sold at close 956,8.6
NAM-INDIA,2023-12-20,459.6,25,42.29,87.0,32.0,n/a,"Rank #25 of 825 by 6m-return/volatility | 6m +87%, vol ~32%/yr",376.9,-18%,520.4,376.9,2024-01-23,486.4,RANK_DROP,Dropped out of top-25 (momentum faded); sold at close 486,5.2
CPSEETF,2023-12-20,59.4,17,45.44,46.0,16.0,177.0,"Rank #17 of 825 by 6m-return/volatility | 6m +46%, vol ~16%/yr, 5y +177% (not over-extended)",48.7,-18%,68.1,48.7,2024-01-23,64.3,RANK_DROP,Dropped out of top-25 (momentum faded); sold at close 64,7.7
HDFCAMC,2023-12-20,1564.6,23,42.56,62.0,23.0,113.0,"Rank #23 of 825 by 6m-return/volatility | 6m +62%, vol ~23%/yr, 5y +113% (not over-extended)",1283.0,-18%,1787.2,1283.0,2024-01-23,1690.3,RANK_DROP,Dropped out of top-25 (momentum faded); sold at close 1690,7.4
GLAND,2023-12-20,1812.3,13,48.49,80.0,26.0,n/a,"Rank #13 of 825 by 6m-return/volatility | 6m +80%, vol ~26%/yr",1486.1,-18%,2057.6,1486.1,2024-01-23,1885.2,RANK_DROP,Dropped out of top-25 (momentum faded); sold at close 1885,3.4
RAMKY,2023-12-20,727.7,15,46.21,108.0,37.0,330.0,"Rank #15 of 825 by 6m-return/volatility | 6m +108%, vol ~37%/yr, 5y +330%",596.7,-18%,811.3,596.7,2024-01-23,774.9,RANK_DROP,Dropped out of top-25 (momentum faded); sold at close 775,5.9
TEXRAIL,2023-12-20,139.9,12,48.65,146.0,48.0,184.0,"Rank #12 of 825 by 6m-return/volatility | 6m +146%, vol ~48%/yr, 5y +184% (not over-extended)",114.7,-18% ->BE@+15% ->20%-trail,192.9,154.4,2024-01-23,169.3,RANK_DROP,Dropped out of top-25 (momentum faded); sold at close 169,20.4
INOXWIND,2023-12-20,111.3,14,48.42,164.0,54.0,471.0,"Rank #14 of 825 by 6m-return/volatility | 6m +164%, vol ~54%/yr, 5y +471%",91.2,-18% ->BE@+15%,142.3,111.3,2024-01-18,111.3,STOP_LOSS,"Stop-loss hit at 111; had peaked +28%, SL trailed to 111",-0.6
GMRP&UI,2023-12-20,50.5,21,42.88,170.0,63.0,n/a,"Rank #21 of 825 by 6m-return/volatility | 6m +170%, vol ~63%/yr",41.5,-18%,57.7,41.5,2024-01-23,48.2,RANK_DROP,Dropped out of top-25 (momentum faded); sold at close 48,-5.1
HSCL,2023-12-20,242.7,19,43.89,107.0,39.0,130.0,"Rank #19 of 825 by 6m-return/volatility | 6m +107%, vol ~39%/yr, 5y +130% (not over-extended)",199.0,-18% ->BE@+15% ->20%-trail,369.7,295.8,2024-05-06,345.3,RANK_DROP,Dropped out of top-25 (momentum faded); sold at close 345,41.7
TRENT,2023-12-20,2114.5,24,42.32,72.0,27.0,780.0,"Rank #24 of 825 by 6m-return/volatility | 6m +72%, vol ~27%/yr, 5y +780%",1733.9,-18% ->BE@+15% ->20%-trail,2939.6,2351.7,2024-02-23,2786.2,RANK_DROP,Dropped out of top-25 (momentum faded); sold at close 2786,31.2
IRFC,2023-12-20,81.8,4,63.34,181.0,45.0,n/a,"Rank #4 of 825 by 6m-return/volatility | 6m +181%, vol ~45%/yr",67.1,-18% ->BE@+15% ->20%-trail,170.5,136.4,2024-01-24,136.4,STOP_LOSS,"Stop-loss hit at 136; had peaked +109%, SL trailed to 136",66.2
JBMA,2023-12-20,735.8,16,45.96,185.0,64.0,1127.0,"Rank #16 of 825 by 6m-return/volatility | 6m +185%, vol ~64%/yr, 5y +1127%",603.4,-18% ->BE@+15% ->20%-trail,1291.4,1033.1,2024-03-06,1033.1,STOP_LOSS,"Stop-loss hit at 1033; had peaked +76%, SL trailed to 1033",39.8
KESORAMIND,2023-12-20,6.8,6,55.87,156.0,44.0,107.0,"Rank #6 of 825 by 6m-return/volatility | 6m +156%, vol ~44%/yr, 5y +107% (not over-extended)",5.6,-18% ->BE@+15%,7.8,6.8,2024-06-05,7.4,RANK_DROP,Dropped out of top-25 (momentum faded); sold at close 7,8.0
GOODLUCK,2024-01-23,997.4,25,48.43,122.0,40.0,1929.0,"Rank #25 of 882 by 6m-return/volatility | 6m +122%, vol ~40%/yr, 5y +1929%",817.8,-18%,1057.7,817.8,2024-02-23,948.9,RANK_DROP,Dropped out of top-25 (momentum faded); sold at close 949,-5.5
PARACABLES,2024-01-23,92.2,21,50.49,171.0,54.0,2646.0,"Rank #21 of 882 by 6m-return/volatility | 6m +171%, vol ~54%/yr, 5y +2646%",75.6,-18%,100.4,75.6,2024-02-14,73.3,STOP_LOSS,"Stop-loss hit at 73; had peaked +9%, SL trailed to 76",-21.1
ITI,2024-01-23,188.4,14,56.02,204.0,58.0,260.0,"Rank #14 of 882 by 6m-return/volatility | 6m +204%, vol ~58%/yr, 5y +260%",154.5,-18%,208.4,154.5,2024-02-12,154.5,STOP_LOSS,"Stop-loss hit at 154; had peaked +11%, SL trailed to 154",-18.6
TRIL,2024-01-23,506.5,8,61.94,222.0,57.0,2623.0,"Rank #8 of 882 by 6m-return/volatility | 6m +222%, vol ~57%/yr, 5y +2623%",415.3,-18% ->BE@+15% ->20%-trail,729.2,583.4,2024-05-07,583.4,STOP_LOSS,"Stop-loss hit at 583; had peaked +44%, SL trailed to 583",14.6
DBREALTY,2024-01-23,177.9,9,60.86,222.0,58.0,483.0,"Rank #9 of 882 by 6m-return/volatility | 6m +222%, vol ~58%/yr, 5y +483%",145.9,-18% ->BE@+15%,211.9,177.9,2024-02-23,205.3,RANK_DROP,Dropped out of top-25 (momentum faded); sold at close 205,14.8
SUZLON,2024-01-23,39.8,5,68.11,215.0,50.0,72.0,"Rank #5 of 882 by 6m-return/volatility | 6m +215%, vol ~50%/yr, 5y +72% (not over-extended)",32.6,-18% ->BE@+15%,49.1,39.8,2024-06-12,48.7,RANK_DROP,Dropped out of top-25 (momentum faded); sold at close 49,21.8
IFCI,2024-01-23,40.1,13,56.2,217.0,61.0,179.0,"Rank #13 of 882 by 6m-return/volatility | 6m +217%, vol ~61%/yr, 5y +179% (not over-extended)",32.9,-18% ->BE@+15% ->20%-trail,71.9,57.6,2024-02-13,56.1,STOP_LOSS,"Stop-loss hit at 56; had peaked +80%, SL trailed to 58",39.3
QUICKHEAL,2024-01-23,457.4,18,52.62,174.0,53.0,126.0,"Rank #18 of 882 by 6m-return/volatility | 6m +174%, vol ~53%/yr, 5y +126% (not over-extended)",375.1,-18% ->BE@+15% ->20%-trail,599.7,479.8,2024-03-20,479.8,STOP_LOSS,"Stop-loss hit at 480; had peaked +31%, SL trailed to 480",4.3
ELECTCAST,2024-01-23,139.1,17,53.54,147.0,44.0,577.0,"Rank #17 of 882 by 6m-return/volatility | 6m +147%, vol ~44%/yr, 5y +577%",114.1,-18% ->BE@+15% ->20%-trail,198.0,158.4,2024-02-12,158.4,STOP_LOSS,"Stop-loss hit at 158; had peaked +42%, SL trailed to 158",13.3
WEBELSOLAR,2024-01-23,27.0,6,66.64,255.0,61.0,1399.0,"Rank #6 of 882 by 6m-return/volatility | 6m +255%, vol ~61%/yr, 5y +1399%",22.1,-18% ->BE@+15% ->20%-trail,43.7,34.9,2024-02-23,37.4,RANK_DROP,Dropped out of top-25 (momentum faded); sold at close 37,38.0
SWSOLAR,2024-01-23,506.1,20,50.6,134.0,42.0,n/a,"Rank #20 of 882 by 6m-return/volatility | 6m +134%, vol ~42%/yr",415.0,-18% ->BE@+15%,625.0,506.1,2024-03-13,497.1,STOP_LOSS,"Stop-loss hit at 497; had peaked +23%, SL trailed to 506",-2.4
PRAKASH,2024-01-23,189.9,3,74.9,278.0,59.0,66.0,"Rank #3 of 882 by 6m-return/volatility | 6m +278%, vol ~59%/yr, 5y +66% (not over-extended)",155.7,-18% ->BE@+15%,232.3,189.9,2024-02-12,189.9,STOP_LOSS,"Stop-loss hit at 190; had peaked +22%, SL trailed to 190",-0.6
SBGLP,2024-01-23,65.5,10,58.96,207.0,56.0,n/a,"Rank #10 of 882 by 6m-return/volatility | 6m +207%, vol ~56%/yr",53.7,-18% ->BE@+15% ->20%-trail,104.5,83.6,2024-04-23,83.6,STOP_LOSS,"Stop-loss hit at 84; had peaked +60%, SL trailed to 84",27.0
KIRLOSENG,2024-02-23,908.8,23,49.67,102.0,33.0,443.0,"Rank #23 of 910 by 6m-return/volatility | 6m +102%, vol ~33%/yr, 5y +443%",745.2,-18%,937.6,745.2,2024-03-13,745.2,STOP_LOSS,"Stop-loss hit at 745; had peaked +3%, SL trailed to 745",-18.6
TATAINVEST,2024-02-23,652.6,16,53.77,181.0,53.0,695.0,"Rank #16 of 910 by 6m-return/volatility | 6m +181%, vol ~53%/yr, 5y +695%",535.1,-18%,734.2,535.1,2024-06-28,675.4,RANK_DROP,Dropped out of top-25 (momentum faded); sold at close 675,2.9
NUCLEUS,2024-02-23,1485.6,20,51.74,162.0,50.0,343.0,"Rank #20 of 910 by 6m-return/volatility | 6m +162%, vol ~50%/yr, 5y +343%",1218.2,-18%,1551.0,1218.2,2024-03-14,1158.1,STOP_LOSS,"Stop-loss hit at 1158; had peaked +4%, SL trailed to 1218",-22.6
GTLINFRA,2024-02-23,2.3,8,64.62,228.0,56.0,11.0,"Rank #8 of 910 by 6m-return/volatility | 6m +228%, vol ~56%/yr, 5y +11% (not over-extended)",1.9,-18%,2.4,1.9,2024-03-05,1.9,STOP_LOSS,"Stop-loss hit at 2; had peaked +4%, SL trailed to 2",-18.6
HLVLTD,2024-02-23,30.5,25,49.32,177.0,57.0,n/a,"Rank #25 of 910 by 6m-return/volatility | 6m +177%, vol ~57%/yr",25.0,-18%,30.7,25.0,2024-02-29,25.0,STOP_LOSS,"Stop-loss hit at 25; had peaked +1%, SL trailed to 25",-18.6
HUBTOWN,2024-02-23,238.4,12,58.12,207.0,56.0,887.0,"Rank #12 of 910 by 6m-return/volatility | 6m +207%, vol ~56%/yr, 5y +887%",195.5,-18% ->BE@+15%,309.9,238.4,2025-01-20,300.7,RANK_DROP,Dropped out of top-25 (momentum faded); sold at close 301,25.5
MCX,2024-02-23,655.0,21,50.23,135.0,43.0,458.0,"Rank #21 of 910 by 6m-return/volatility | 6m +135%, vol ~43%/yr, 5y +458%",537.1,-18%,690.8,537.1,2024-03-28,596.7,RANK_DROP,Dropped out of top-25 (momentum faded); sold at close 597,-9.5
JPASSOCIAT,2024-02-23,24.4,24,49.63,203.0,65.0,425.0,"Rank #24 of 910 by 6m-return/volatility | 6m +203%, vol ~65%/yr, 5y +425%",20.0,-18%,24.4,20.0,2024-02-29,20.0,STOP_LOSS,"Stop-loss hit at 20; had peaked +0%, SL trailed to 20",-18.6
SWANENERGY,2024-02-23,706.2,19,52.58,146.0,44.0,607.0,"Rank #19 of 910 by 6m-return/volatility | 6m +146%, vol ~44%/yr, 5y +607%",579.1,-18%,750.1,579.1,2024-03-12,579.1,STOP_LOSS,"Stop-loss hit at 579; had peaked +6%, SL trailed to 579",-18.6
KPIGREEN,2024-02-23,512.5,17,53.56,196.0,58.0,n/a,"Rank #17 of 910 by 6m-return/volatility | 6m +196%, vol ~58%/yr",420.3,-18%,536.5,420.3,2024-03-14,418.3,STOP_LOSS,"Stop-loss hit at 418; had peaked +5%, SL trailed to 420",-19.0
INOXWIND,2024-02-23,161.1,22,49.75,190.0,61.0,929.0,"Rank #22 of 910 by 6m-return/volatility | 6m +190%, vol ~61%/yr, 5y +929%",132.1,-18%,170.7,132.1,2024-03-06,131.4,STOP_LOSS,"Stop-loss hit at 131; had peaked +6%, SL trailed to 132",-19.0
ZENTEC,2024-02-23,818.9,1,85.5,261.0,49.0,1793.0,"Rank #1 of 910 by 6m-return/volatility | 6m +261%, vol ~49%/yr, 5y +1793%",671.5,-18% ->BE@+15%,972.8,818.9,2024-03-14,792.7,STOP_LOSS,"Stop-loss hit at 793; had peaked +19%, SL trailed to 819",-3.8
FORCEMOT,2024-02-23,6057.2,7,68.46,241.0,56.0,n/a,"Rank #7 of 910 by 6m-return/volatility | 6m +241%, vol ~56%/yr",4966.9,-18% ->BE@+15%,7184.9,6057.2,2024-03-06,6057.2,STOP_LOSS,"Stop-loss hit at 6057; had peaked +19%, SL trailed to 6057",-0.6
BAJAJ-AUTO,2024-02-23,8730.5,18,53.33,82.0,24.0,219.0,"Rank #18 of 910 by 6m-return/volatility | 6m +82%, vol ~24%/yr, 5y +219%",7159.0,-18% ->BE@+15%,10388.0,8730.5,2024-07-08,9860.9,RANK_DROP,Dropped out of top-25 (momentum faded); sold at close 9861,12.3
GVKPIL,2024-03-28,10.0,2,95.54,393.0,65.0,26.0,"Rank #2 of 842 by 6m-return/volatility | 6m +393%, vol ~65%/yr, 5y +26% (not over-extended)",8.2,-18% ->BE@+15%,12.3,10.0,2024-05-22,12.0,RANK_DROP,Dropped out of top-25 (momentum faded); sold at close 12,18.9
ZOMATO,2024-03-28,195.3,25,35.16,82.0,37.0,n/a,"Rank #25 of 842 by 6m-return/volatility | 6m +82%, vol ~37%/yr",160.1,-18%,214.9,160.1,2024-05-03,211.5,RANK_DROP,Dropped out of top-25 (momentum faded); sold at close 212,7.7
DLF,2024-03-28,865.4,21,37.37,74.0,31.0,480.0,"Rank #21 of 842 by 6m-return/volatility | 6m +74%, vol ~31%/yr, 5y +480%",709.6,-18%,933.5,709.6,2024-05-03,847.3,RANK_DROP,Dropped out of top-25 (momentum faded); sold at close 847,-2.7
ZYDUSLIFE,2024-03-28,1007.3,15,44.02,69.0,25.0,n/a,"Rank #15 of 842 by 6m-return/volatility | 6m +69%, vol ~25%/yr",826.0,-18%,1031.7,826.0,2024-05-03,997.4,RANK_DROP,Dropped out of top-25 (momentum faded); sold at close 997,-1.6
ASHAPURMIN,2024-03-28,375.8,17,43.2,152.0,56.0,679.0,"Rank #17 of 842 by 6m-return/volatility | 6m +152%, vol ~56%/yr, 5y +679%",308.1,-18%,394.1,308.1,2024-05-03,333.5,RANK_DROP,Dropped out of top-25 (momentum faded); sold at close 334,-11.8
SHRIPISTON,2024-03-28,1894.7,9,53.7,176.0,52.0,n/a,"Rank #9 of 842 by 6m-return/volatility | 6m +176%, vol ~52%/yr",1553.6,-18%,2131.8,1553.6,2024-05-03,1907.2,RANK_DROP,Dropped out of top-25 (momentum faded); sold at close 1907,0.1
BOSCHLTD,2024-03-28,30031.3,22,37.13,57.0,24.0,62.0,"Rank #22 of 842 by 6m-return/volatility | 6m +57%, vol ~24%/yr, 5y +62% (not over-extended)",24625.7,-18%,31400.2,24625.7,2024-05-03,30093.4,RANK_DROP,Dropped out of top-25 (momentum faded); sold at close 30093,-0.4
63MOONS,2024-03-28,381.6,5,64.24,217.0,54.0,887.0,"Rank #5 of 842 by 6m-return/volatility | 6m +217%, vol ~54%/yr, 5y +887%",312.9,-18% ->BE@+15%,463.7,381.6,2024-04-15,381.6,STOP_LOSS,"Stop-loss hit at 382; had peaked +22%, SL trailed to 382",-0.6
APOLLO,2024-03-28,81.6,8,55.63,260.0,74.0,793.0,"Rank #8 of 842 by 6m-return/volatility | 6m +260%, vol ~74%/yr, 5y +793%",66.9,-18% ->BE@+15%,100.6,81.6,2024-05-03,91.3,RANK_DROP,Dropped out of top-25 (momentum faded); sold at close 91,11.3
KALYANKJIL,2024-03-28,427.8,24,35.5,92.0,41.0,n/a,"Rank #24 of 842 by 6m-return/volatility | 6m +92%, vol ~41%/yr",350.8,-18%,449.7,350.8,2024-05-03,406.1,RANK_DROP,Dropped out of top-25 (momentum faded); sold at close 406,-5.7
TATAMOTORS,2024-03-28,594.2,23,35.52,60.0,27.0,459.0,"Rank #23 of 842 by 6m-return/volatility | 6m +60%, vol ~27%/yr, 5y +459%",487.2,-18%,622.5,487.2,2024-05-03,606.5,RANK_DROP,Dropped out of top-25 (momentum faded); sold at close 607,1.5
CUMMINSIND,2024-03-28,2886.0,19,39.32,74.0,30.0,305.0,"Rank #19 of 842 by 6m-return/volatility | 6m +74%, vol ~30%/yr, 5y +305%",2366.5,-18% ->BE@+15%,3743.9,2886.0,2024-06-05,3267.9,RANK_DROP,Dropped out of top-25 (momentum faded); sold at close 3268,12.6
SOBHA,2024-05-03,1839.3,12,49.39,165.0,53.0,294.0,"Rank #12 of 844 by 6m-return/volatility | 6m +165%, vol ~53%/yr, 5y +294%",1508.2,-18%,2074.8,1508.2,2024-06-05,1806.0,RANK_DROP,Dropped out of top-25 (momentum faded); sold at close 1806,-2.4
JUBLPHARMA,2024-05-03,686.2,24,42.35,102.0,38.0,n/a,"Rank #24 of 844 by 6m-return/volatility | 6m +102%, vol ~38%/yr",562.7,-18%,741.0,562.7,2024-06-05,690.0,RANK_DROP,Dropped out of top-25 (momentum faded); sold at close 690,-0.1
SIEMENS,2024-05-03,3078.6,13,48.01,74.0,24.0,444.0,"Rank #13 of 844 by 6m-return/volatility | 6m +74%, vol ~24%/yr, 5y +444%",2524.5,-18% ->BE@+15%,3836.4,3078.6,2024-06-04,3078.6,STOP_LOSS,"Stop-loss hit at 3079; had peaked +25%, SL trailed to 3079",-0.6
TARC,2024-05-03,193.3,18,44.53,134.0,48.0,n/a,"Rank #18 of 844 by 6m-return/volatility | 6m +134%, vol ~48%/yr",158.5,-18% ->BE@+15%,231.5,193.3,2024-06-04,193.3,STOP_LOSS,"Stop-loss hit at 193; had peaked +20%, SL trailed to 193",-0.6
SIGNATURE,2024-05-03,1292.3,10,50.9,140.0,44.0,n/a,"Rank #10 of 844 by 6m-return/volatility | 6m +140%, vol ~44%/yr",1059.7,-18%,1380.9,1059.7,2024-06-05,1151.6,RANK_DROP,Dropped out of top-25 (momentum faded); sold at close 1152,-11.5
BHEL,2024-05-03,281.3,6,55.95,159.0,45.0,369.0,"Rank #6 of 844 by 6m-return/volatility | 6m +159%, vol ~45%/yr, 5y +369%",230.7,-18%,297.5,230.7,2024-06-04,230.7,STOP_LOSS,"Stop-loss hit at 231; had peaked +6%, SL trailed to 231",-18.6
VIKASLIFE,2024-05-03,4.9,14,46.19,154.0,53.0,n/a,"Rank #14 of 844 by 6m-return/volatility | 6m +154%, vol ~53%/yr",4.0,-18%,4.9,4.0,2024-06-05,4.3,RANK_DROP,Dropped out of top-25 (momentum faded); sold at close 4,-12.6
ADANIGREEN,2024-05-03,1703.7,16,45.04,112.0,40.0,4527.0,"Rank #16 of 844 by 6m-return/volatility | 6m +112%, vol ~40%/yr, 5y +4527%",1397.0,-18% ->BE@+15%,2058.0,1703.7,2024-06-04,1703.7,STOP_LOSS,"Stop-loss hit at 1704; had peaked +21%, SL trailed to 1704",-0.6
MANGLMCEM,2024-05-03,919.3,19,44.46,146.0,52.0,253.0,"Rank #19 of 844 by 6m-return/volatility | 6m +146%, vol ~52%/yr, 5y +253%",753.9,-18%,929.3,753.9,2024-06-04,753.9,STOP_LOSS,"Stop-loss hit at 754; had peaked +1%, SL trailed to 754",-18.6
HAL,2024-05-03,3561.7,9,52.97,115.0,35.0,1104.0,"Rank #9 of 844 by 6m-return/volatility | 6m +115%, vol ~35%/yr, 5y +1104%",2920.6,-18% ->BE@+15% ->20%-trail,4946.1,3956.9,2024-06-04,3956.9,STOP_LOSS,"Stop-loss hit at 3957; had peaked +39%, SL trailed to 3957",10.5
MOTILALOFS,2024-05-03,652.3,15,45.56,162.0,56.0,258.0,"Rank #15 of 844 by 6m-return/volatility | 6m +162%, vol ~56%/yr, 5y +258%",534.9,-18%,661.3,534.9,2024-06-04,534.9,STOP_LOSS,"Stop-loss hit at 535; had peaked +1%, SL trailed to 535",-18.6
JUNIORBEES,2024-05-03,700.3,7,54.25,53.0,16.0,142.0,"Rank #7 of 844 by 6m-return/volatility | 6m +53%, vol ~16%/yr, 5y +142% (not over-extended)",574.3,-18%,790.9,574.3,2024-07-08,783.9,RANK_DROP,Dropped out of top-25 (momentum faded); sold at close 784,11.3
HUDCO,2024-05-03,207.8,20,44.2,195.0,70.0,420.0,"Rank #20 of 844 by 6m-return/volatility | 6m +195%, vol ~70%/yr, 5y +420%",170.4,-18% ->BE@+15% ->20%-trail,283.9,227.1,2024-06-04,227.1,STOP_LOSS,"Stop-loss hit at 227; had peaked +37%, SL trailed to 227",8.7
HSCL,2024-05-03,363.2,3,67.41,185.0,43.0,246.0,"Rank #3 of 844 by 6m-return/volatility | 6m +185%, vol ~43%/yr, 5y +246%",297.8,-18%,365.4,297.8,2024-06-05,297.5,STOP_LOSS,"Stop-loss hit at 298; had peaked +1%, SL trailed to 298",-18.7
OFSS,2024-05-03,7780.7,23,42.58,99.0,37.0,109.0,"Rank #23 of 844 by 6m-return/volatility | 6m +99%, vol ~37%/yr, 5y +109% (not over-extended)",6380.2,-18% ->BE@+15% ->20%-trail,11443.6,9154.9,2024-08-08,10061.3,RANK_DROP,Dropped out of top-25 (momentum faded); sold at close 10061,28.7
TRENT,2024-05-03,3243.6,22,43.1,123.0,45.0,1206.0,"Rank #22 of 844 by 6m-return/volatility | 6m +123%, vol ~45%/yr, 5y +1206%",2659.7,-18% ->BE@+15% ->20%-trail,5252.2,4201.7,2024-09-10,5118.1,RANK_DROP,Dropped out of top-25 (momentum faded); sold at close 5118,57.2
IRFC,2024-06-05,147.2,15,34.63,123.0,56.0,n/a,"Rank #15 of 811 by 6m-return/volatility | 6m +123%, vol ~56%/yr",120.7,-18% ->BE@+15%,182.2,147.2,2024-07-08,178.7,RANK_DROP,Dropped out of top-25 (momentum faded); sold at close 179,20.8
TATAINVEST,2024-06-05,649.1,3,53.31,178.0,53.0,715.0,"Rank #3 of 811 by 6m-return/volatility | 6m +178%, vol ~53%/yr, 5y +715%",532.2,-18%,734.2,532.2,2024-07-08,678.5,RANK_DROP,Dropped out of top-25 (momentum faded); sold at close 679,3.9
ZYDUSLIFE,2024-06-05,1048.7,22,32.13,64.0,32.0,n/a,"Rank #22 of 811 by 6m-return/volatility | 6m +64%, vol ~32%/yr",859.9,-18%,1184.2,859.9,2024-07-08,1157.8,RANK_DROP,Dropped out of top-25 (momentum faded); sold at close 1158,9.8
VOLTAS,2024-06-05,1532.8,24,31.92,76.0,38.0,162.0,"Rank #24 of 811 by 6m-return/volatility | 6m +76%, vol ~38%/yr, 5y +162% (not over-extended)",1256.9,-18%,1638.1,1256.9,2024-07-08,1532.7,RANK_DROP,Dropped out of top-25 (momentum faded); sold at close 1533,-0.6
ASHAPURMIN,2024-06-05,356.4,1,62.12,198.0,51.0,924.0,"Rank #1 of 811 by 6m-return/volatility | 6m +198%, vol ~51%/yr, 5y +924%",292.2,-18% ->BE@+15% ->20%-trail,476.0,380.8,2024-07-08,452.5,RANK_DROP,Dropped out of top-25 (momentum faded); sold at close 452,26.4
TVSHLTD,2024-06-05,10544.8,8,44.13,95.0,34.0,n/a,"Rank #8 of 811 by 6m-return/volatility | 6m +95%, vol ~34%/yr",8646.7,-18% ->BE@+15%,13060.5,10544.8,2024-07-08,12524.4,RANK_DROP,Dropped out of top-25 (momentum faded); sold at close 12524,18.2
HUBTOWN,2024-06-05,214.1,6,46.83,174.0,59.0,852.0,"Rank #6 of 811 by 6m-return/volatility | 6m +174%, vol ~59%/yr, 5y +852%",175.6,-18% ->BE@+15% ->20%-trail,309.9,247.9,2025-01-29,266.8,RANK_DROP,Dropped out of top-25 (momentum faded); sold at close 267,24.0
HERITGFOOD,2024-06-05,546.5,13,36.65,129.0,56.0,142.0,"Rank #13 of 811 by 6m-return/volatility | 6m +129%, vol ~56%/yr, 5y +142% (not over-extended)",448.1,-18% ->BE@+15% ->20%-trail,727.4,581.9,2024-06-14,581.9,STOP_LOSS,"Stop-loss hit at 582; had peaked +33%, SL trailed to 582",5.9
SARVESHWAR,2024-06-05,8.4,4,53.24,238.0,71.0,n/a,"Rank #4 of 811 by 6m-return/volatility | 6m +238%, vol ~71%/yr",6.9,-18% ->BE@+15%,10.8,8.4,2024-07-08,9.5,RANK_DROP,Dropped out of top-25 (momentum faded); sold at close 10,12.7
THERMAX,2024-06-05,5130.7,12,39.11,102.0,42.0,433.0,"Rank #12 of 811 by 6m-return/volatility | 6m +102%, vol ~42%/yr, 5y +433%",4207.2,-18%,5840.0,4207.2,2024-07-08,5666.5,RANK_DROP,Dropped out of top-25 (momentum faded); sold at close 5666,9.8
JPPOWER,2024-06-05,18.2,9,42.11,143.0,54.0,1016.0,"Rank #9 of 811 by 6m-return/volatility | 6m +143%, vol ~54%/yr, 5y +1016%",14.9,-18%,20.5,14.9,2024-07-08,18.7,RANK_DROP,Dropped out of top-25 (momentum faded); sold at close 19,2.0
STAR,2024-06-05,411.3,19,33.22,80.0,38.0,122.0,"Rank #19 of 811 by 6m-return/volatility | 6m +80%, vol ~38%/yr, 5y +122% (not over-extended)",337.3,-18%,468.0,337.3,2024-07-08,438.8,RANK_DROP,Dropped out of top-25 (momentum faded); sold at close 439,6.1
KIRLOSENG,2024-06-05,1169.8,16,34.63,102.0,47.0,677.0,"Rank #16 of 811 by 6m-return/volatility | 6m +102%, vol ~47%/yr, 5y +677%",959.2,-18% ->BE@+15%,1401.8,1169.8,2024-07-22,1169.8,STOP_LOSS,"Stop-loss hit at 1170; had peaked +20%, SL trailed to 1170",-0.6
WOCKPHARMA,2024-06-05,640.4,18,34.5,141.0,65.0,65.0,"Rank #18 of 811 by 6m-return/volatility | 6m +141%, vol ~65%/yr, 5y +65% (not over-extended)",525.2,-18% ->BE@+15% ->20%-trail,1225.2,980.2,2024-07-08,1084.0,RANK_DROP,Dropped out of top-25 (momentum faded); sold at close 1084,68.7
NETWEB,2024-06-05,2281.8,5,51.27,160.0,50.0,n/a,"Rank #5 of 811 by 6m-return/volatility | 6m +160%, vol ~50%/yr",1871.1,-18% ->BE@+15%,2913.9,2281.8,2024-08-06,2281.8,STOP_LOSS,"Stop-loss hit at 2282; had peaked +28%, SL trailed to 2282",-0.6
MANINDS,2024-06-05,340.9,11,39.48,140.0,56.0,598.0,"Rank #11 of 811 by 6m-return/volatility | 6m +140%, vol ~56%/yr, 5y +598%",279.5,-18% ->BE@+15% ->20%-trail,513.7,411.0,2024-08-05,411.0,STOP_LOSS,"Stop-loss hit at 411; had peaked +51%, SL trailed to 411",20.0
APOLLO,2024-06-05,91.6,25,31.52,141.0,71.0,830.0,"Rank #25 of 811 by 6m-return/volatility | 6m +141%, vol ~71%/yr, 5y +830%",75.2,-18% ->BE@+15%,115.4,91.6,2024-09-04,91.6,STOP_LOSS,"Stop-loss hit at 92; had peaked +26%, SL trailed to 92",-0.6
URJA,2024-06-05,14.9,2,53.76,275.0,81.0,n/a,"Rank #2 of 811 by 6m-return/volatility | 6m +275%, vol ~81%/yr",12.2,-18%,16.8,12.2,2024-07-08,15.2,RANK_DROP,Dropped out of top-25 (momentum faded); sold at close 15,1.8
SEAMECLTD,2024-07-08,1483.7,3,64.73,156.0,38.0,713.0,"Rank #3 of 989 by 6m-return/volatility | 6m +156%, vol ~38%/yr, 5y +713%",1216.6,-18%,1620.0,1216.6,2024-08-08,1521.6,RANK_DROP,Dropped out of top-25 (momentum faded); sold at close 1522,2.0
COCHINSHIP,2024-07-08,2157.1,9,52.39,245.0,74.0,1119.0,"Rank #9 of 989 by 6m-return/volatility | 6m +245%, vol ~74%/yr, 5y +1119%",1768.8,-18%,2258.5,1768.8,2024-08-06,1768.8,STOP_LOSS,"Stop-loss hit at 1769; had peaked +5%, SL trailed to 1769",-18.6
GANESHHOUC,2024-07-08,1083.2,13,48.27,162.0,53.0,2769.0,"Rank #13 of 989 by 6m-return/volatility | 6m +162%, vol ~53%/yr, 5y +2769%",888.2,-18%,1091.8,888.2,2024-07-19,888.2,STOP_LOSS,"Stop-loss hit at 888; had peaked +1%, SL trailed to 888",-18.6
RVNL,2024-07-08,489.8,10,51.85,213.0,65.0,2335.0,"Rank #10 of 989 by 6m-return/volatility | 6m +213%, vol ~65%/yr, 5y +2335%",401.7,-18%,560.0,401.7,2024-08-08,466.1,RANK_DROP,Dropped out of top-25 (momentum faded); sold at close 466,-5.5
KIRLOSBROS,2024-07-08,2585.0,19,43.56,187.0,68.0,2284.0,"Rank #19 of 989 by 6m-return/volatility | 6m +187%, vol ~68%/yr, 5y +2284%",2119.7,-18%,2635.4,2119.7,2024-08-05,2119.7,STOP_LOSS,"Stop-loss hit at 2120; had peaked +2%, SL trailed to 2120",-18.6
TARC,2024-07-08,283.8,21,41.74,161.0,61.0,n/a,"Rank #21 of 989 by 6m-return/volatility | 6m +161%, vol ~61%/yr",232.7,-18%,290.4,232.7,2024-10-23,231.0,STOP_LOSS,"Stop-loss hit at 231; had peaked +2%, SL trailed to 233",-19.2
MOTHERSON,2024-07-08,132.2,16,45.29,92.0,32.0,n/a,"Rank #16 of 989 by 6m-return/volatility | 6m +92%, vol ~32%/yr",108.4,-18%,135.1,108.4,2024-08-08,119.7,RANK_DROP,Dropped out of top-25 (momentum faded); sold at close 120,-10.0
GREENPOWER,2024-07-08,23.5,23,40.15,123.0,49.0,89.0,"Rank #23 of 989 by 6m-return/volatility | 6m +123%, vol ~49%/yr, 5y +89% (not over-extended)",19.2,-18%,26.2,19.2,2024-08-08,24.3,RANK_DROP,Dropped out of top-25 (momentum faded); sold at close 24,3.0
GTLINFRA,2024-07-08,3.9,11,51.8,180.0,55.0,343.0,"Rank #11 of 989 by 6m-return/volatility | 6m +180%, vol ~55%/yr, 5y +343%",3.2,-18%,3.9,3.2,2024-07-12,3.2,STOP_LOSS,"Stop-loss hit at 3; had peaked +0%, SL trailed to 3",-19.5
SALZERELEC,2024-07-08,933.0,22,40.97,113.0,44.0,661.0,"Rank #22 of 989 by 6m-return/volatility | 6m +113%, vol ~44%/yr, 5y +661%",765.1,-18%,985.0,765.1,2024-08-08,898.4,RANK_DROP,Dropped out of top-25 (momentum faded); sold at close 898,-4.3
INOXGREEN,2024-07-08,161.8,18,43.87,142.0,51.0,n/a,"Rank #18 of 989 by 6m-return/volatility | 6m +142%, vol ~51%/yr",132.7,-18% ->BE@+15%,208.4,161.8,2024-09-10,198.8,RANK_DROP,Dropped out of top-25 (momentum faded); sold at close 199,22.2
SERVOTECH,2024-07-08,116.9,8,56.11,135.0,38.0,n/a,"Rank #8 of 989 by 6m-return/volatility | 6m +135%, vol ~38%/yr",95.9,-18% ->BE@+15% ->20%-trail,184.4,147.5,2024-09-10,173.7,RANK_DROP,Dropped out of top-25 (momentum faded); sold at close 174,48.0
WALCHANNAG,2024-07-08,265.3,5,60.9,211.0,55.0,92.0,"Rank #5 of 989 by 6m-return/volatility | 6m +211%, vol ~55%/yr, 5y +92% (not over-extended)",217.5,-18% ->BE@+15%,321.4,265.3,2024-07-18,265.3,STOP_LOSS,"Stop-loss hit at 265; had peaked +21%, SL trailed to 265",-0.6
SHAILY,2024-07-08,1085.3,6,60.59,169.0,44.0,n/a,"Rank #6 of 989 by 6m-return/volatility | 6m +169%, vol ~44%/yr",890.0,-18% ->BE@+15%,1278.1,1085.3,2024-09-10,1176.1,RANK_DROP,Dropped out of top-25 (momentum faded); sold at close 1176,7.8
VERTOZ,2024-07-08,251.1,24,39.37,188.0,76.0,n/a,"Rank #24 of 989 by 6m-return/volatility | 6m +188%, vol ~76%/yr",205.9,-18% ->BE@+15%,290.1,251.1,2024-08-05,250.0,STOP_LOSS,"Stop-loss hit at 250; had peaked +16%, SL trailed to 251",-1.0
SUZLON,2024-07-08,53.5,17,44.52,125.0,45.0,148.0,"Rank #17 of 989 by 6m-return/volatility | 6m +125%, vol ~45%/yr, 5y +148% (not over-extended)",43.8,-18% ->BE@+15% ->20%-trail,83.3,66.7,2024-10-08,66.0,STOP_LOSS,"Stop-loss hit at 66; had peaked +56%, SL trailed to 67",22.8
AURIONPRO,2024-07-08,1663.9,15,45.61,183.0,64.0,425.0,"Rank #15 of 989 by 6m-return/volatility | 6m +183%, vol ~64%/yr, 5y +425%",1364.4,-18% ->BE@+15%,2115.1,1663.9,2024-10-04,1663.9,STOP_LOSS,"Stop-loss hit at 1664; had peaked +27%, SL trailed to 1664",-0.6
IZMO,2024-08-08,281.8,11,45.03,174.0,61.0,418.0,"Rank #11 of 1014 by 6m-return/volatility | 6m +174%, vol ~61%/yr, 5y +418%",231.1,-18% ->BE@+15% ->20%-trail,444.3,355.5,2024-12-13,434.6,RANK_DROP,Dropped out of top-25 (momentum faded); sold at close 435,53.6
EMUDHRA,2024-08-08,845.8,21,35.63,84.0,37.0,n/a,"Rank #21 of 1014 by 6m-return/volatility | 6m +84%, vol ~37%/yr",693.5,-18%,890.0,693.5,2024-09-10,875.4,RANK_DROP,Dropped out of top-25 (momentum faded); sold at close 875,2.9
SUDARSCHEM,2024-08-08,948.0,23,34.77,85.0,39.0,187.0,"Rank #23 of 1014 by 6m-return/volatility | 6m +85%, vol ~39%/yr, 5y +187% (not over-extended)",777.4,-18%,1082.0,777.4,2024-09-10,991.8,RANK_DROP,Dropped out of top-25 (momentum faded); sold at close 992,4.0
TATAINVEST,2024-08-08,629.6,12,44.13,106.0,38.0,664.0,"Rank #12 of 1014 by 6m-return/volatility | 6m +106%, vol ~38%/yr, 5y +664%",516.3,-18% ->BE@+15% ->20%-trail,842.3,673.8,2024-09-10,737.9,RANK_DROP,Dropped out of top-25 (momentum faded); sold at close 738,16.6
ZYDUSLIFE,2024-08-08,1279.4,22,35.4,68.0,31.0,n/a,"Rank #22 of 1014 by 6m-return/volatility | 6m +68%, vol ~31%/yr",1049.1,-18%,1324.3,1049.1,2024-09-10,1113.2,RANK_DROP,Dropped out of top-25 (momentum faded); sold at close 1113,-13.6
LIQUIDIETF,2024-08-08,1000.0,2,185.68,0.0,0.0,n/a,"Rank #2 of 1014 by 6m-return/volatility | 6m +0%, vol ~0%/yr",820.0,-18%,1030.0,820.0,2024-09-10,1000.0,RANK_DROP,Dropped out of top-25 (momentum faded); sold at close 1000,-0.6
SMSPHARMA,2024-08-08,292.9,24,34.53,117.0,54.0,509.0,"Rank #24 of 1014 by 6m-return/volatility | 6m +117%, vol ~54%/yr, 5y +509%",240.1,-18% ->BE@+15%,363.8,292.9,2024-09-10,341.2,RANK_DROP,Dropped out of top-25 (momentum faded); sold at close 341,15.9
BASF,2024-08-08,7320.4,19,36.34,148.0,65.0,571.0,"Rank #19 of 1014 by 6m-return/volatility | 6m +148%, vol ~65%/yr, 5y +571%",6002.7,-18%,7479.7,6002.7,2024-09-10,6650.4,RANK_DROP,Dropped out of top-25 (momentum faded); sold at close 6650,-9.8
RPPINFRA,2024-08-08,120.2,25,34.51,153.0,70.0,-52.0,"Rank #25 of 1014 by 6m-return/volatility | 6m +153%, vol ~70%/yr, 5y -52% (not over-extended)",98.5,-18% ->BE@+15%,152.6,120.2,2024-12-13,141.1,RANK_DROP,Dropped out of top-25 (momentum faded); sold at close 141,16.8
ZENTEC,2024-08-08,1639.3,16,39.48,142.0,57.0,2663.0,"Rank #16 of 1014 by 6m-return/volatility | 6m +142%, vol ~57%/yr, 5y +2663%",1344.2,-18% ->BE@+15%,1917.2,1639.3,2024-08-30,1639.3,STOP_LOSS,"Stop-loss hit at 1639; had peaked +17%, SL trailed to 1639",-0.6
INDRAMEDCO,2024-08-08,346.1,20,35.72,126.0,56.0,237.0,"Rank #20 of 1014 by 6m-return/volatility | 6m +126%, vol ~56%/yr, 5y +237%",283.8,-18% ->BE@+15% ->20%-trail,514.1,411.3,2024-10-11,478.4,RANK_DROP,Dropped out of top-25 (momentum faded); sold at close 478,37.6
SYNCOMF,2024-08-08,13.2,18,36.79,93.0,40.0,n/a,"Rank #18 of 1014 by 6m-return/volatility | 6m +93%, vol ~40%/yr",10.8,-18% ->BE@+15% ->20%-trail,23.5,18.8,2024-09-19,18.8,STOP_LOSS,"Stop-loss hit at 19; had peaked +78%, SL trailed to 19",41.8
CIGNITITEC,2024-08-08,1314.4,8,52.12,33.0,10.0,357.0,"Rank #8 of 1014 by 6m-return/volatility | 6m +33%, vol ~10%/yr, 5y +357%",1077.8,-18%,1355.8,1077.8,2024-10-11,1347.6,RANK_DROP,Dropped out of top-25 (momentum faded); sold at close 1348,1.9
HSCL,2024-08-08,452.1,9,47.01,115.0,39.0,390.0,"Rank #9 of 1014 by 6m-return/volatility | 6m +115%, vol ~39%/yr, 5y +390%",370.7,-18% ->BE@+15% ->20%-trail,666.0,532.8,2024-10-25,532.8,STOP_LOSS,"Stop-loss hit at 533; had peaked +47%, SL trailed to 533",17.3
LIQUIDCASE,2024-08-08,103.7,1,189.12,3.0,0.0,n/a,"Rank #1 of 1014 by 6m-return/volatility | 6m +3%, vol ~0%/yr",85.0,-18%,113.7,85.0,2026-04-21,113.7,OPEN,Still held (in top-25 currently),9.1
RAMRAT,2024-09-10,309.8,20,42.31,117.0,44.0,n/a,"Rank #20 of 985 by 6m-return/volatility | 6m +117%, vol ~44%/yr",254.0,-18% ->BE@+15%,360.1,309.8,2024-09-25,309.8,STOP_LOSS,"Stop-loss hit at 310; had peaked +16%, SL trailed to 310",-0.6
CHOICEIN,2024-09-10,459.6,13,48.28,67.0,22.0,n/a,"Rank #13 of 985 by 6m-return/volatility | 6m +67%, vol ~22%/yr",376.9,-18%,487.1,376.9,2024-10-11,481.1,RANK_DROP,Dropped out of top-25 (momentum faded); sold at close 481,4.1
LTFOODS,2024-09-10,390.9,14,47.92,125.0,42.0,n/a,"Rank #14 of 985 by 6m-return/volatility | 6m +125%, vol ~42%/yr",320.5,-18%,433.8,320.5,2024-10-11,389.5,RANK_DROP,Dropped out of top-25 (momentum faded); sold at close 389,-1.0
REFEX,2024-09-10,255.6,23,40.5,192.0,75.0,6109.0,"Rank #23 of 985 by 6m-return/volatility | 6m +192%, vol ~75%/yr, 5y +6109%",209.6,-18% ->BE@+15% ->20%-trail,383.7,306.9,2025-01-10,343.9,RANK_DROP,Dropped out of top-25 (momentum faded); sold at close 344,33.9
GOKULAGRO,2024-09-10,120.7,12,48.41,138.0,45.0,2730.0,"Rank #12 of 985 by 6m-return/volatility | 6m +138%, vol ~45%/yr, 5y +2730%",99.0,-18% ->BE@+15%,153.3,120.7,2024-09-19,120.7,STOP_LOSS,"Stop-loss hit at 121; had peaked +27%, SL trailed to 121",-0.6
DOLATALGO,2024-09-10,180.7,25,39.56,129.0,52.0,n/a,"Rank #25 of 985 by 6m-return/volatility | 6m +129%, vol ~52%/yr",148.1,-18%,184.8,148.1,2024-09-24,148.1,STOP_LOSS,"Stop-loss hit at 148; had peaked +2%, SL trailed to 148",-18.6
VLEGOV,2024-09-10,64.6,22,41.34,210.0,81.0,n/a,"Rank #22 of 985 by 6m-return/volatility | 6m +210%, vol ~81%/yr",52.9,-18% ->BE@+15% ->20%-trail,85.5,68.4,2025-01-03,78.8,RANK_DROP,Dropped out of top-25 (momentum faded); sold at close 79,21.4
COLPAL,2024-09-10,3670.8,19,42.32,44.0,17.0,206.0,"Rank #19 of 985 by 6m-return/volatility | 6m +44%, vol ~17%/yr, 5y +206%",3010.0,-18%,3890.0,3010.0,2024-10-11,3689.6,RANK_DROP,Dropped out of top-25 (momentum faded); sold at close 3690,-0.1
EMAMILTD,2024-09-10,875.3,21,41.95,80.0,30.0,182.0,"Rank #21 of 985 by 6m-return/volatility | 6m +80%, vol ~30%/yr, 5y +182% (not over-extended)",717.8,-18%,877.7,717.8,2024-10-11,775.0,RANK_DROP,Dropped out of top-25 (momentum faded); sold at close 775,-12.1
GLENMARK,2024-09-10,1662.8,7,62.28,88.0,23.0,376.0,"Rank #7 of 985 by 6m-return/volatility | 6m +88%, vol ~23%/yr, 5y +376%",1363.5,-18%,1762.0,1363.5,2024-11-12,1517.7,RANK_DROP,Dropped out of top-25 (momentum faded); sold at close 1518,-9.3
LALPATHLAB,2024-09-10,1682.6,17,44.04,51.0,18.0,181.0,"Rank #17 of 985 by 6m-return/volatility | 6m +51%, vol ~18%/yr, 5y +181% (not over-extended)",1379.7,-18%,1820.2,1379.7,2024-11-12,1509.3,RANK_DROP,Dropped out of top-25 (momentum faded); sold at close 1509,-10.9
POCL,2024-09-10,1219.4,18,42.47,211.0,79.0,n/a,"Rank #18 of 985 by 6m-return/volatility | 6m +211%, vol ~79%/yr",999.9,-18%,1238.3,999.9,2024-10-07,999.9,STOP_LOSS,"Stop-loss hit at 1000; had peaked +2%, SL trailed to 1000",-18.6
WEL,2024-09-10,134.3,2,109.57,393.0,57.0,n/a,"Rank #2 of 985 by 6m-return/volatility | 6m +393%, vol ~57%/yr",110.1,-18% ->BE@+15%,168.0,134.3,2024-11-12,153.2,RANK_DROP,Dropped out of top-25 (momentum faded); sold at close 153,13.5
GMRP&UI,2024-09-10,140.1,10,52.7,172.0,52.0,n/a,"Rank #10 of 985 by 6m-return/volatility | 6m +172%, vol ~52%/yr",114.8,-18% ->BE@+15%,169.2,140.1,2024-10-07,140.1,STOP_LOSS,"Stop-loss hit at 140; had peaked +21%, SL trailed to 140",-0.6
PGEL,2024-09-10,618.0,6,64.35,251.0,62.0,3528.0,"Rank #6 of 985 by 6m-return/volatility | 6m +251%, vol ~62%/yr, 5y +3528%",506.7,-18% ->BE@+15% ->20%-trail,1054.2,843.4,2025-01-13,843.4,STOP_LOSS,"Stop-loss hit at 843; had peaked +71%, SL trailed to 843",35.9
DREDGECORP,2024-10-11,1108.7,7,58.74,235.0,63.0,283.0,"Rank #7 of 961 by 6m-return/volatility | 6m +235%, vol ~63%/yr, 5y +283%",909.1,-18%,1108.7,909.1,2024-10-22,909.1,STOP_LOSS,"Stop-loss hit at 909; had peaked +0%, SL trailed to 909",-18.6
SARDAEN,2024-10-11,481.9,21,41.34,131.0,50.0,1837.0,"Rank #21 of 961 by 6m-return/volatility | 6m +131%, vol ~50%/yr, 5y +1837%",395.1,-18%,506.5,395.1,2024-11-12,430.5,RANK_DROP,Dropped out of top-25 (momentum faded); sold at close 430,-11.3
TRENT,2024-10-11,5904.6,12,44.62,111.0,40.0,1498.0,"Rank #12 of 961 by 6m-return/volatility | 6m +111%, vol ~40%/yr, 5y +1498%",4841.8,-18%,5983.5,4841.8,2024-11-07,4841.8,STOP_LOSS,"Stop-loss hit at 4842; had peaked +1%, SL trailed to 4842",-18.6
WABAG,2024-10-11,1562.4,25,39.78,95.0,38.0,413.0,"Rank #25 of 961 by 6m-return/volatility | 6m +95%, vol ~38%/yr, 5y +413%",1281.2,-18% ->BE@+15%,1905.6,1562.4,2024-10-23,1562.4,STOP_LOSS,"Stop-loss hit at 1562; had peaked +22%, SL trailed to 1562",-0.6
TARC,2024-10-11,263.6,24,40.09,150.0,59.0,n/a,"Rank #24 of 961 by 6m-return/volatility | 6m +150%, vol ~59%/yr",216.2,-18%,264.0,216.2,2024-10-28,216.2,STOP_LOSS,"Stop-loss hit at 216; had peaked +0%, SL trailed to 216",-18.6
IIFLSEC,2024-10-11,415.9,10,45.25,180.0,63.0,n/a,"Rank #10 of 961 by 6m-return/volatility | 6m +180%, vol ~63%/yr",341.0,-18%,449.0,341.0,2024-10-25,341.0,STOP_LOSS,"Stop-loss hit at 341; had peaked +8%, SL trailed to 341",-18.6
HERITGFOOD,2024-10-11,616.2,16,42.77,98.0,36.0,213.0,"Rank #16 of 961 by 6m-return/volatility | 6m +98%, vol ~36%/yr, 5y +213%",505.3,-18%,659.0,505.3,2024-10-29,505.3,STOP_LOSS,"Stop-loss hit at 505; had peaked +7%, SL trailed to 505",-18.6
VMART,2024-10-11,1175.4,17,42.52,109.0,41.0,112.0,"Rank #17 of 961 by 6m-return/volatility | 6m +109%, vol ~41%/yr, 5y +112% (not over-extended)",963.8,-18%,1188.7,963.8,2024-11-11,963.8,STOP_LOSS,"Stop-loss hit at 964; had peaked +1%, SL trailed to 964",-18.6
KAYNES,2024-10-11,5590.3,23,40.51,121.0,48.0,n/a,"Rank #23 of 961 by 6m-return/volatility | 6m +121%, vol ~48%/yr",4584.0,-18% ->BE@+15%,7245.6,5590.3,2024-12-16,7119.8,RANK_DROP,Dropped out of top-25 (momentum faded); sold at close 7120,26.8
GANECOS,2024-10-11,2263.4,22,41.09,111.0,43.0,683.0,"Rank #22 of 961 by 6m-return/volatility | 6m +111%, vol ~43%/yr, 5y +683%",1856.0,-18% ->BE@+15%,2639.0,2263.4,2024-10-23,2263.4,STOP_LOSS,"Stop-loss hit at 2263; had peaked +17%, SL trailed to 2263",-0.6
WEBELSOLAR,2024-10-11,56.1,6,68.44,275.0,64.0,4330.0,"Rank #6 of 961 by 6m-return/volatility | 6m +275%, vol ~64%/yr, 5y +4330%",46.0,-18% ->BE@+15% ->20%-trail,85.5,68.4,2024-11-12,70.5,RANK_DROP,Dropped out of top-25 (momentum faded); sold at close 70,25.0
MARINE,2024-10-11,130.6,19,42.02,157.0,59.0,n/a,"Rank #19 of 961 by 6m-return/volatility | 6m +157%, vol ~59%/yr",107.1,-18%,135.8,107.1,2024-10-25,107.1,STOP_LOSS,"Stop-loss hit at 107; had peaked +4%, SL trailed to 107",-18.6
WOCKPHARMA,2024-10-11,1096.4,5,72.93,301.0,65.0,154.0,"Rank #5 of 961 by 6m-return/volatility | 6m +301%, vol ~65%/yr, 5y +154% (not over-extended)",899.0,-18% ->BE@+15% ->20%-trail,1741.2,1393.0,2025-01-22,1393.0,STOP_LOSS,"Stop-loss hit at 1393; had peaked +59%, SL trailed to 1393",26.4
LIQUIDADD,2024-10-11,1035.4,1,217.22,3.0,0.0,n/a,"Rank #1 of 961 by 6m-return/volatility | 6m +3%, vol ~0%/yr",849.0,-18%,1151.2,849.0,2026-04-21,1122.9,OPEN,Still held (in top-25 currently),7.9
LIQUID1,2024-10-11,1013.1,3,77.54,1.0,0.0,n/a,"Rank #3 of 961 by 6m-return/volatility | 6m +1%, vol ~0%/yr",830.8,-18%,1123.3,830.8,2026-04-21,1100.7,OPEN,Still held (in top-25 currently),8.0
KITEX,2024-11-12,94.2,14,41.07,203.0,78.0,647.0,"Rank #14 of 882 by 6m-return/volatility | 6m +203%, vol ~78%/yr, 5y +647%",77.2,-18% ->BE@+15%,118.8,94.2,2025-03-20,114.5,RANK_DROP,Dropped out of top-25 (momentum faded); sold at close 115,21.1
JSWHL,2024-11-12,12908.2,11,43.12,187.0,69.0,597.0,"Rank #11 of 882 by 6m-return/volatility | 6m +187%, vol ~69%/yr, 5y +597%",10584.8,-18% ->BE@+15%,14876.4,12908.2,2024-11-19,12908.2,STOP_LOSS,"Stop-loss hit at 12908; had peaked +15%, SL trailed to 12908",-0.6
POKARNA,2024-11-12,1100.6,23,36.45,131.0,57.0,292.0,"Rank #23 of 882 by 6m-return/volatility | 6m +131%, vol ~57%/yr, 5y +292%",902.5,-18% ->BE@+15%,1272.0,1100.6,2024-12-16,1191.8,RANK_DROP,Dropped out of top-25 (momentum faded); sold at close 1192,7.7
CHOICEIN,2024-11-12,523.5,24,36.36,64.0,28.0,n/a,"Rank #24 of 882 by 6m-return/volatility | 6m +64%, vol ~28%/yr",429.3,-18%,566.3,429.3,2024-12-16,563.8,RANK_DROP,Dropped out of top-25 (momentum faded); sold at close 564,7.1
CUPID,2024-11-12,19.2,5,76.76,288.0,60.0,537.0,"Rank #5 of 882 by 6m-return/volatility | 6m +288%, vol ~60%/yr, 5y +537%",15.7,-18%,20.5,15.7,2024-12-16,18.5,RANK_DROP,Dropped out of top-25 (momentum faded); sold at close 18,-4.1
DEEPAKFERT,2024-11-12,1221.0,12,42.43,146.0,54.0,1655.0,"Rank #12 of 882 by 6m-return/volatility | 6m +146%, vol ~54%/yr, 5y +1655%",1001.2,-18%,1353.4,1001.2,2024-12-16,1207.3,RANK_DROP,Dropped out of top-25 (momentum faded); sold at close 1207,-1.7
NEULANDLAB,2024-11-12,15329.5,19,38.53,148.0,61.0,3603.0,"Rank #19 of 882 by 6m-return/volatility | 6m +148%, vol ~61%/yr, 5y +3603%",12570.2,-18% ->BE@+15%,18100.0,15329.5,2024-12-13,15329.5,STOP_LOSS,"Stop-loss hit at 15330; had peaked +18%, SL trailed to 15330",-0.6
MANORAMA,2024-11-12,1032.8,9,56.58,178.0,50.0,n/a,"Rank #9 of 882 by 6m-return/volatility | 6m +178%, vol ~50%/yr",846.9,-18% ->BE@+15%,1256.0,1032.8,2024-12-16,1126.3,RANK_DROP,Dropped out of top-25 (momentum faded); sold at close 1126,8.5
GRWRHITECH,2024-11-12,3802.7,20,38.51,138.0,57.0,n/a,"Rank #20 of 882 by 6m-return/volatility | 6m +138%, vol ~57%/yr",3118.2,-18% ->BE@+15% ->20%-trail,5163.9,4131.1,2025-01-10,4131.1,STOP_LOSS,"Stop-loss hit at 4131; had peaked +36%, SL trailed to 4131",8.0
BALUFORGE,2024-11-12,756.5,22,37.03,149.0,64.0,n/a,"Rank #22 of 882 by 6m-return/volatility | 6m +149%, vol ~64%/yr",620.3,-18%,867.7,620.3,2025-01-16,704.1,RANK_DROP,Dropped out of top-25 (momentum faded); sold at close 704,-7.5
SUVENPHAR,2024-11-12,1261.8,15,40.82,85.0,33.0,n/a,"Rank #15 of 882 by 6m-return/volatility | 6m +85%, vol ~33%/yr",1034.7,-18%,1424.7,1034.7,2025-01-16,1121.3,RANK_DROP,Dropped out of top-25 (momentum faded); sold at close 1121,-11.7
INDIACEM,2024-11-12,342.0,4,100.04,70.0,11.0,349.0,"Rank #4 of 882 by 6m-return/volatility | 6m +70%, vol ~11%/yr, 5y +349%",280.5,-18%,365.5,280.5,2025-01-16,361.8,RANK_DROP,Dropped out of top-25 (momentum faded); sold at close 362,5.2
COFORGE,2024-11-12,1643.4,18,39.01,78.0,32.0,n/a,"Rank #18 of 882 by 6m-return/volatility | 6m +78%, vol ~32%/yr",1347.6,-18% ->BE@+15%,2034.5,1643.4,2025-01-16,1771.6,RANK_DROP,Dropped out of top-25 (momentum faded); sold at close 1772,7.2
PAYTM,2024-11-12,756.5,25,35.19,132.0,60.0,n/a,"Rank #25 of 882 by 6m-return/volatility | 6m +132%, vol ~60%/yr",620.3,-18% ->BE@+15% ->20%-trail,1018.2,814.6,2025-01-10,814.6,STOP_LOSS,"Stop-loss hit at 815; had peaked +35%, SL trailed to 815",7.1
WINDMACHIN,2024-11-12,255.8,8,58.76,195.0,53.0,315.0,"Rank #8 of 882 by 6m-return/volatility | 6m +195%, vol ~53%/yr, 5y +315%",209.7,-18% ->BE@+15% ->20%-trail,447.1,357.6,2024-12-27,357.6,STOP_LOSS,"Stop-loss hit at 358; had peaked +75%, SL trailed to 358",39.2
IWEL,2024-11-12,11052.6,13,42.32,138.0,52.0,n/a,"Rank #13 of 882 by 6m-return/volatility | 6m +138%, vol ~52%/yr",9063.1,-18%,11774.0,9063.1,2025-01-10,9063.1,STOP_LOSS,"Stop-loss hit at 9063; had peaked +7%, SL trailed to 9063",-18.6
GEPIL,2024-12-16,439.4,22,40.48,160.0,63.0,-19.0,"Rank #22 of 892 by 6m-return/volatility | 6m +160%, vol ~63%/yr, 5y -19% (not over-extended)",360.3,-18%,444.1,360.3,2025-01-06,360.3,STOP_LOSS,"Stop-loss hit at 360; had peaked +1%, SL trailed to 360",-18.6
SUMMITSEC,2024-12-16,3257.2,25,37.4,141.0,60.0,762.0,"Rank #25 of 892 by 6m-return/volatility | 6m +141%, vol ~60%/yr, 5y +762%",2670.9,-18%,3342.5,2670.9,2025-01-10,2670.9,STOP_LOSS,"Stop-loss hit at 2671; had peaked +3%, SL trailed to 2671",-18.6
IZMO,2024-12-16,433.1,9,64.94,279.0,68.0,849.0,"Rank #9 of 892 by 6m-return/volatility | 6m +279%, vol ~68%/yr, 5y +849%",355.2,-18%,441.6,355.2,2025-07-23,399.1,RANK_DROP,Dropped out of top-25 (momentum faded); sold at close 399,-8.5
PLATIND,2024-12-16,472.4,18,45.94,146.0,51.0,n/a,"Rank #18 of 892 by 6m-return/volatility | 6m +146%, vol ~51%/yr",387.4,-18%,472.4,387.4,2025-01-09,387.4,STOP_LOSS,"Stop-loss hit at 387; had peaked +0%, SL trailed to 387",-18.6
KERNEX,2024-12-16,792.7,4,103.55,309.0,47.0,23.0,"Rank #4 of 892 by 6m-return/volatility | 6m +309%, vol ~47%/yr, 5y +23% (not over-extended)",650.0,-18%,821.4,650.0,2025-03-27,650.0,STOP_LOSS,"Stop-loss hit at 650; had peaked +4%, SL trailed to 650",-18.6
POCL,2024-12-16,941.5,15,47.94,152.0,50.0,n/a,"Rank #15 of 892 by 6m-return/volatility | 6m +152%, vol ~50%/yr",772.0,-18%,1003.7,772.0,2025-01-14,758.1,STOP_LOSS,"Stop-loss hit at 758; had peaked +7%, SL trailed to 772",-20.1
ZENTEC,2024-12-16,2264.4,17,45.96,126.0,44.0,5593.0,"Rank #17 of 892 by 6m-return/volatility | 6m +126%, vol ~44%/yr, 5y +5593%",1856.8,-18%,2556.5,1856.8,2025-01-16,2176.9,RANK_DROP,Dropped out of top-25 (momentum faded); sold at close 2177,-4.5
GOLDIAM,2024-12-16,462.3,24,38.49,161.0,66.0,1373.0,"Rank #24 of 892 by 6m-return/volatility | 6m +161%, vol ~66%/yr, 5y +1373%",379.1,-18% ->BE@+15% ->20%-trail,602.1,481.7,2025-01-22,481.7,STOP_LOSS,"Stop-loss hit at 482; had peaked +30%, SL trailed to 482",3.6
PARAS,2024-12-16,516.3,13,52.97,144.0,43.0,n/a,"Rank #13 of 892 by 6m-return/volatility | 6m +144%, vol ~43%/yr",423.4,-18%,542.3,423.4,2025-02-17,447.0,RANK_DROP,Dropped out of top-25 (momentum faded); sold at close 447,-14.0
BBOX,2024-12-16,600.5,19,44.08,154.0,56.0,n/a,"Rank #19 of 892 by 6m-return/volatility | 6m +154%, vol ~56%/yr",492.4,-18%,612.0,492.4,2025-01-29,487.6,STOP_LOSS,"Stop-loss hit at 488; had peaked +2%, SL trailed to 492",-19.4
RGL,2025-01-16,182.2,16,34.66,91.0,42.0,175.0,"Rank #16 of 866 by 6m-return/volatility | 6m +91%, vol ~42%/yr, 5y +175% (not over-extended)",149.4,-18%,199.6,149.4,2025-01-28,149.4,STOP_LOSS,"Stop-loss hit at 149; had peaked +10%, SL trailed to 149",-18.6
LLOYDSME,2025-01-16,1434.5,15,37.8,95.0,40.0,n/a,"Rank #15 of 866 by 6m-return/volatility | 6m +95%, vol ~40%/yr",1176.3,-18%,1444.8,1176.3,2025-01-28,1176.3,STOP_LOSS,"Stop-loss hit at 1176; had peaked +1%, SL trailed to 1176",-18.6
PGIL,2025-01-16,1607.7,12,40.23,103.0,41.0,2731.0,"Rank #12 of 866 by 6m-return/volatility | 6m +103%, vol ~41%/yr, 5y +2731%",1318.3,-18%,1622.0,1318.3,2025-01-20,1318.3,STOP_LOSS,"Stop-loss hit at 1318; had peaked +1%, SL trailed to 1318",-18.6
GOKULAGRO,2025-01-16,159.0,18,33.08,105.0,50.0,2191.0,"Rank #18 of 866 by 6m-return/volatility | 6m +105%, vol ~50%/yr, 5y +2191%",130.4,-18%,159.5,130.4,2025-01-24,130.4,STOP_LOSS,"Stop-loss hit at 130; had peaked +0%, SL trailed to 130",-18.6
VLEGOV,2025-01-16,70.4,4,75.15,283.0,60.0,n/a,"Rank #4 of 866 by 6m-return/volatility | 6m +283%, vol ~60%/yr",57.7,-18%,70.4,57.7,2025-01-29,57.7,STOP_LOSS,"Stop-loss hit at 58; had peaked +0%, SL trailed to 58",-18.6
PTCIL,2025-01-16,17874.2,7,47.8,130.0,43.0,n/a,"Rank #7 of 866 by 6m-return/volatility | 6m +130%, vol ~43%/yr",14656.8,-18%,18067.1,14656.8,2025-01-29,14547.2,STOP_LOSS,"Stop-loss hit at 14547; had peaked +1%, SL trailed to 14657",-19.2
INNOVACAP,2025-01-16,1001.6,22,28.93,102.0,56.0,n/a,"Rank #22 of 866 by 6m-return/volatility | 6m +102%, vol ~56%/yr",821.3,-18%,1056.7,821.3,2025-02-12,821.3,STOP_LOSS,"Stop-loss hit at 821; had peaked +6%, SL trailed to 821",-18.6
INDRAMEDCO,2025-01-16,504.5,25,27.6,92.0,53.0,463.0,"Rank #25 of 866 by 6m-return/volatility | 6m +92%, vol ~53%/yr, 5y +463%",413.7,-18%,518.2,413.7,2025-01-28,413.7,STOP_LOSS,"Stop-loss hit at 414; had peaked +3%, SL trailed to 414",-18.6
ANANTRAJ,2025-01-16,996.9,23,28.86,84.0,46.0,6772.0,"Rank #23 of 866 by 6m-return/volatility | 6m +84%, vol ~46%/yr, 5y +6772%",817.4,-18%,1042.7,817.4,2025-01-27,817.4,STOP_LOSS,"Stop-loss hit at 817; had peaked +5%, SL trailed to 817",-18.6
REFEX,2025-01-16,339.2,6,62.19,275.0,70.0,3602.0,"Rank #6 of 866 by 6m-return/volatility | 6m +275%, vol ~70%/yr, 5y +3602%",278.1,-18%,382.2,278.1,2025-03-27,359.7,RANK_DROP,Dropped out of top-25 (momentum faded); sold at close 360,5.5
BSE,2025-01-16,1933.3,9,45.67,153.0,53.0,3170.0,"Rank #9 of 866 by 6m-return/volatility | 6m +153%, vol ~53%/yr, 5y +3170%",1585.3,-18%,1978.1,1585.3,2025-02-28,1585.3,STOP_LOSS,"Stop-loss hit at 1585; had peaked +2%, SL trailed to 1585",-18.6
PCJEWELLER,2025-01-16,14.4,10,44.88,161.0,57.0,83.0,"Rank #10 of 866 by 6m-return/volatility | 6m +161%, vol ~57%/yr, 5y +83% (not over-extended)",11.8,-18%,16.1,11.8,2025-02-17,11.8,STOP_LOSS,"Stop-loss hit at 12; had peaked +12%, SL trailed to 12",-18.6
63MOONS,2025-01-16,820.3,17,33.77,140.0,66.0,3448.0,"Rank #17 of 866 by 6m-return/volatility | 6m +140%, vol ~66%/yr, 5y +3448%",672.7,-18%,877.3,672.7,2025-02-14,672.7,STOP_LOSS,"Stop-loss hit at 673; had peaked +7%, SL trailed to 673",-18.6
LTGILTBEES,2025-01-16,27.3,24,28.37,5.0,3.0,n/a,"Rank #24 of 866 by 6m-return/volatility | 6m +5%, vol ~3%/yr",22.4,-18%,29.8,22.4,2025-09-02,28.6,RANK_DROP,Dropped out of top-25 (momentum faded); sold at close 29,4.1
RPOWER,2025-02-17,24.6,22,18.9,69.0,58.0,205.0,"Rank #22 of 813 by 6m-return/volatility | 6m +69%, vol ~58%/yr, 5y +205%",20.1,-18%,26.0,20.1,2025-03-21,25.2,RANK_DROP,Dropped out of top-25 (momentum faded); sold at close 25,1.8
MAFANG,2025-02-17,143.9,17,23.1,52.0,36.0,n/a,"Rank #17 of 813 by 6m-return/volatility | 6m +52%, vol ~36%/yr",118.0,-18%,153.5,118.0,2025-03-10,118.0,STOP_LOSS,"Stop-loss hit at 118; had peaked +7%, SL trailed to 118",-18.6
SEQUENT,2025-02-17,150.8,24,17.63,62.0,56.0,163.0,"Rank #24 of 813 by 6m-return/volatility | 6m +62%, vol ~56%/yr, 5y +163% (not over-extended)",123.6,-18%,163.0,123.6,2025-03-21,144.7,RANK_DROP,Dropped out of top-25 (momentum faded); sold at close 145,-4.6
OPTIEMUS,2025-02-17,517.5,20,19.46,88.0,72.0,96.0,"Rank #20 of 813 by 6m-return/volatility | 6m +88%, vol ~72%/yr, 5y +96% (not over-extended)",424.3,-18%,537.0,424.3,2025-03-03,424.3,STOP_LOSS,"Stop-loss hit at 424; had peaked +4%, SL trailed to 424",-18.6
AMIORG,2025-02-17,1070.8,23,18.83,73.0,61.0,n/a,"Rank #23 of 813 by 6m-return/volatility | 6m +73%, vol ~61%/yr",878.1,-18%,1213.7,878.1,2025-03-21,1177.2,RANK_DROP,Dropped out of top-25 (momentum faded); sold at close 1177,9.3
GOLDBEES,2025-02-17,66.8,14,23.64,19.0,13.0,100.0,"Rank #14 of 813 by 6m-return/volatility | 6m +19%, vol ~13%/yr, 5y +100% (not over-extended)",54.8,-18% ->BE@+15%,77.9,66.8,2025-04-28,73.7,RANK_DROP,Dropped out of top-25 (momentum faded); sold at close 74,9.7
BLUEJET,2025-02-17,754.3,21,19.23,61.0,50.0,n/a,"Rank #21 of 813 by 6m-return/volatility | 6m +61%, vol ~50%/yr",618.5,-18% ->BE@+15%,968.3,754.3,2025-04-04,754.3,STOP_LOSS,"Stop-loss hit at 754; had peaked +28%, SL trailed to 754",-0.6
CARTRADE,2025-02-17,1535.6,25,17.08,62.0,58.0,n/a,"Rank #25 of 813 by 6m-return/volatility | 6m +62%, vol ~58%/yr",1259.2,-18% ->BE@+15%,1889.0,1535.6,2025-04-07,1460.0,STOP_LOSS,"Stop-loss hit at 1460; had peaked +23%, SL trailed to 1536",-5.5
VIMTALABS,2025-02-17,540.6,18,22.92,98.0,68.0,605.0,"Rank #18 of 813 by 6m-return/volatility | 6m +98%, vol ~68%/yr, 5y +605%",443.3,-18% ->BE@+15%,647.5,540.6,2025-04-01,540.6,STOP_LOSS,"Stop-loss hit at 541; had peaked +20%, SL trailed to 541",-0.6
HNGSNGBEES,2025-02-17,415.8,9,25.9,49.0,30.0,17.0,"Rank #9 of 813 by 6m-return/volatility | 6m +49%, vol ~30%/yr, 5y +17% (not over-extended)",341.0,-18%,448.9,341.0,2025-04-07,341.0,STOP_LOSS,"Stop-loss hit at 341; had peaked +8%, SL trailed to 341",-18.6
GOLDIETF,2025-02-17,68.6,15,23.17,19.0,13.0,n/a,"Rank #15 of 813 by 6m-return/volatility | 6m +19%, vol ~13%/yr",56.3,-18% ->BE@+15%,81.6,68.6,2025-05-29,75.8,RANK_DROP,Dropped out of top-25 (momentum faded); sold at close 76,9.9
SETFGOLD,2025-02-17,68.4,12,24.56,19.0,12.0,-98.0,"Rank #12 of 813 by 6m-return/volatility | 6m +19%, vol ~12%/yr, 5y -98% (not over-extended)",56.1,-18% ->BE@+15% ->20%-trail,89.8,71.8,2025-05-29,75.5,RANK_DROP,Dropped out of top-25 (momentum faded); sold at close 76,9.8
HDFCGOLD,2025-02-17,68.7,10,25.39,19.0,12.0,n/a,"Rank #10 of 813 by 6m-return/volatility | 6m +19%, vol ~12%/yr",56.3,-18% ->BE@+15%,79.9,68.7,2025-05-29,75.8,RANK_DROP,Dropped out of top-25 (momentum faded); sold at close 76,9.8
TATAGOLD,2025-02-17,7.9,8,26.49,19.0,11.0,n/a,"Rank #8 of 813 by 6m-return/volatility | 6m +19%, vol ~11%/yr",6.5,-18% ->BE@+15%,9.9,7.9,2025-04-07,7.9,STOP_LOSS,"Stop-loss hit at 8; had peaked +25%, SL trailed to 8",-0.6
LLOYDSME,2025-03-21,1312.2,25,18.75,61.0,51.0,n/a,"Rank #25 of 855 by 6m-return/volatility | 6m +61%, vol ~51%/yr",1076.0,-18%,1352.0,1076.0,2025-04-07,1015.0,STOP_LOSS,"Stop-loss hit at 1015; had peaked +3%, SL trailed to 1076",-23.2
KITEX,2025-03-21,116.4,5,68.61,257.0,60.0,719.0,"Rank #5 of 855 by 6m-return/volatility | 6m +257%, vol ~60%/yr, 5y +719%",95.5,-18% ->BE@+15% ->20%-trail,193.2,154.6,2025-05-20,188.3,RANK_DROP,Dropped out of top-25 (momentum faded); sold at close 188,61.1
JSWHL,2025-03-21,18253.4,6,56.05,269.0,76.0,999.0,"Rank #6 of 855 by 6m-return/volatility | 6m +269%, vol ~76%/yr, 5y +999%",14967.8,-18% ->BE@+15%,21458.2,18253.4,2025-08-07,18253.4,STOP_LOSS,"Stop-loss hit at 18253; had peaked +18%, SL trailed to 18253",-0.6
INDOTECH,2025-03-21,2234.5,22,20.96,82.0,62.0,633.0,"Rank #22 of 855 by 6m-return/volatility | 6m +82%, vol ~62%/yr, 5y +633%",1832.3,-18% ->BE@+15%,2574.3,2234.5,2025-04-28,2234.5,STOP_LOSS,"Stop-loss hit at 2235; had peaked +15%, SL trailed to 2235",-0.6
KIRIINDUS,2025-03-21,610.1,23,20.5,69.0,54.0,71.0,"Rank #23 of 855 by 6m-return/volatility | 6m +69%, vol ~54%/yr, 5y +71% (not over-extended)",500.3,-18%,688.0,500.3,2025-04-28,593.0,RANK_DROP,Dropped out of top-25 (momentum faded); sold at close 593,-3.4
MAHKTECH,2025-03-21,25.0,8,36.97,88.0,38.0,n/a,"Rank #8 of 855 by 6m-return/volatility | 6m +88%, vol ~38%/yr",20.5,-18%,25.2,20.5,2025-04-07,20.5,STOP_LOSS,"Stop-loss hit at 20; had peaked +1%, SL trailed to 20",-18.6
PANACEABIO,2025-03-21,447.8,15,29.22,122.0,66.0,158.0,"Rank #15 of 855 by 6m-return/volatility | 6m +122%, vol ~66%/yr, 5y +158% (not over-extended)",367.2,-18% ->BE@+15%,581.9,447.8,2025-05-29,521.2,RANK_DROP,Dropped out of top-25 (momentum faded); sold at close 521,15.8
GOLD1,2025-03-21,69.6,13,30.48,20.0,10.0,n/a,"Rank #13 of 855 by 6m-return/volatility | 6m +20%, vol ~10%/yr",57.1,-18%,79.0,57.1,2025-05-29,74.5,RANK_DROP,Dropped out of top-25 (momentum faded); sold at close 74,6.4
LIQUIDBETF,2025-03-21,1022.0,4,150.18,2.0,0.0,n/a,"Rank #4 of 855 by 6m-return/volatility | 6m +2%, vol ~0%/yr",838.0,-18% ->BE@+15%,1207.5,1022.0,2025-09-08,1022.0,STOP_LOSS,"Stop-loss hit at 1022; had peaked +18%, SL trailed to 1022",-0.6
GALLANTT,2025-04-28,454.8,13,24.03,78.0,52.0,769.0,"Rank #13 of 908 by 6m-return/volatility | 6m +78%, vol ~52%/yr, 5y +769%",372.9,-18%,508.8,372.9,2025-05-29,462.5,RANK_DROP,Dropped out of top-25 (momentum faded); sold at close 463,1.1
BAJFINANCE,2025-04-28,914.1,22,19.73,34.0,27.0,256.0,"Rank #22 of 908 by 6m-return/volatility | 6m +34%, vol ~27%/yr, 5y +256%",749.5,-18%,938.6,749.5,2025-05-29,925.2,RANK_DROP,Dropped out of top-25 (momentum faded); sold at close 925,0.6
GOLDETF,2025-04-28,88.7,25,18.98,21.0,17.0,n/a,"Rank #25 of 908 by 6m-return/volatility | 6m +21%, vol ~17%/yr",72.8,-18%,92.2,72.8,2025-05-29,88.8,RANK_DROP,Dropped out of top-25 (momentum faded); sold at close 89,-0.5
AGIIL,2025-04-28,196.0,15,22.41,77.0,55.0,n/a,"Rank #15 of 908 by 6m-return/volatility | 6m +77%, vol ~55%/yr",160.8,-18%,209.9,160.8,2025-05-29,194.5,RANK_DROP,Dropped out of top-25 (momentum faded); sold at close 194,-1.4
GOLDETFADD,2025-04-28,92.9,19,20.52,21.0,16.0,n/a,"Rank #19 of 908 by 6m-return/volatility | 6m +21%, vol ~16%/yr",76.2,-18%,96.3,76.2,2025-05-29,92.7,RANK_DROP,Dropped out of top-25 (momentum faded); sold at close 93,-0.9
SPMLINFRA,2025-04-28,182.3,12,28.92,110.0,60.0,-47.0,"Rank #12 of 908 by 6m-return/volatility | 6m +110%, vol ~60%/yr, 5y -47% (not over-extended)",149.5,-18%,189.0,149.5,2025-05-09,148.8,STOP_LOSS,"Stop-loss hit at 149; had peaked +4%, SL trailed to 149",-19.0
KERNEX,2025-04-28,641.9,11,31.46,122.0,61.0,13.0,"Rank #11 of 908 by 6m-return/volatility | 6m +122%, vol ~61%/yr, 5y +13% (not over-extended)",526.3,-18% ->BE@+15% ->20%-trail,987.6,790.1,2025-05-29,987.6,RANK_DROP,Dropped out of top-25 (momentum faded); sold at close 988,53.3
MANGCHEFER,2025-04-28,222.3,14,22.57,68.0,48.0,660.0,"Rank #14 of 908 by 6m-return/volatility | 6m +68%, vol ~48%/yr, 5y +660%",182.3,-18% ->BE@+15% ->20%-trail,301.8,241.4,2025-06-30,273.0,RANK_DROP,Dropped out of top-25 (momentum faded); sold at close 273,22.2
MARINE,2025-04-28,160.0,8,60.9,237.0,62.0,n/a,"Rank #8 of 908 by 6m-return/volatility | 6m +237%, vol ~62%/yr",131.2,-18%,183.7,131.2,2025-05-29,170.3,RANK_DROP,Dropped out of top-25 (momentum faded); sold at close 170,5.8
SHAKTIPUMP,2025-04-28,890.2,20,20.23,75.0,59.0,198.0,"Rank #20 of 908 by 6m-return/volatility | 6m +75%, vol ~59%/yr, 5y +198% (not over-extended)",729.9,-18% ->BE@+15%,1049.0,890.2,2025-06-30,944.7,RANK_DROP,Dropped out of top-25 (momentum faded); sold at close 945,5.5
REFEX,2025-04-28,433.2,7,88.63,346.0,62.0,7605.0,"Rank #7 of 908 by 6m-return/volatility | 6m +346%, vol ~62%/yr, 5y +7605%",355.3,-18% ->BE@+15%,534.0,433.2,2025-06-20,433.2,STOP_LOSS,"Stop-loss hit at 433; had peaked +23%, SL trailed to 433",-0.6
MANAPPURAM,2025-04-28,219.3,17,20.89,57.0,44.0,106.0,"Rank #17 of 908 by 6m-return/volatility | 6m +57%, vol ~44%/yr, 5y +106% (not over-extended)",179.8,-18% ->BE@+15%,270.1,219.3,2025-07-30,243.3,RANK_DROP,Dropped out of top-25 (momentum faded); sold at close 243,10.3
SKYGOLD,2025-04-28,296.6,5,93.71,367.0,62.0,n/a,"Rank #5 of 908 by 6m-return/volatility | 6m +367%, vol ~62%/yr",243.2,-18% ->BE@+15% ->20%-trail,396.0,316.8,2025-06-20,316.8,STOP_LOSS,"Stop-loss hit at 317; had peaked +34%, SL trailed to 317",6.2
WEBELSOLAR,2025-04-28,126.4,6,91.23,338.0,59.0,13226.0,"Rank #6 of 908 by 6m-return/volatility | 6m +338%, vol ~59%/yr, 5y +13226%",103.6,-18%,132.3,103.6,2025-05-09,103.6,STOP_LOSS,"Stop-loss hit at 104; had peaked +5%, SL trailed to 104",-18.6
MAZDOCK,2025-05-29,3491.1,19,27.46,101.0,59.0,n/a,"Rank #19 of 873 by 6m-return/volatility | 6m +101%, vol ~59%/yr",2862.7,-18%,3491.1,2862.7,2025-06-30,3019.3,RANK_DROP,Dropped out of top-25 (momentum faded); sold at close 3019,-14.1
BIRLAMONEY,2025-05-29,171.6,12,30.76,150.0,77.0,480.0,"Rank #12 of 873 by 6m-return/volatility | 6m +150%, vol ~77%/yr, 5y +480%",140.7,-18% ->BE@+15%,202.2,171.6,2025-06-13,171.6,STOP_LOSS,"Stop-loss hit at 172; had peaked +18%, SL trailed to 172",-0.6
GROWWDEFNC,2025-05-29,82.5,25,23.32,52.0,35.0,n/a,"Rank #25 of 873 by 6m-return/volatility | 6m +52%, vol ~35%/yr",67.6,-18%,86.8,67.6,2025-06-30,83.1,RANK_DROP,Dropped out of top-25 (momentum faded); sold at close 83,0.1
GRSE,2025-05-29,2819.5,21,26.86,125.0,74.0,2143.0,"Rank #21 of 873 by 6m-return/volatility | 6m +125%, vol ~74%/yr, 5y +2143%",2312.0,-18%,3228.6,2312.0,2025-06-30,2751.2,RANK_DROP,Dropped out of top-25 (momentum faded); sold at close 2751,-3.0
RPOWER,2025-05-29,34.7,22,25.76,98.0,60.0,490.0,"Rank #22 of 873 by 6m-return/volatility | 6m +98%, vol ~60%/yr, 5y +490%",28.5,-18% ->BE@+15% ->20%-trail,50.9,40.7,2025-09-22,47.1,RANK_DROP,Dropped out of top-25 (momentum faded); sold at close 47,35.1
INDIAGLYCO,2025-05-29,901.5,24,23.34,69.0,47.0,624.0,"Rank #24 of 873 by 6m-return/volatility | 6m +69%, vol ~47%/yr, 5y +624%",739.2,-18%,1009.0,739.2,2025-06-30,973.6,RANK_DROP,Dropped out of top-25 (momentum faded); sold at close 974,7.4
NAZARA,2025-05-29,323.2,17,28.2,40.0,23.0,n/a,"Rank #17 of 873 by 6m-return/volatility | 6m +40%, vol ~23%/yr",265.0,-18%,340.0,265.0,2025-06-30,325.8,RANK_DROP,Dropped out of top-25 (momentum faded); sold at close 326,0.2
BDL,2025-05-29,1775.9,10,37.05,120.0,51.0,1510.0,"Rank #10 of 873 by 6m-return/volatility | 6m +120%, vol ~51%/yr, 5y +1510%",1456.2,-18%,1886.6,1456.2,2025-06-30,1748.5,RANK_DROP,Dropped out of top-25 (momentum faded); sold at close 1749,-2.1
E2E,2025-05-29,378.2,18,27.79,102.0,58.0,n/a,"Rank #18 of 873 by 6m-return/volatility | 6m +102%, vol ~58%/yr",310.1,-18%,397.1,310.1,2025-07-24,301.1,STOP_LOSS,"Stop-loss hit at 301; had peaked +5%, SL trailed to 310",-21.0
APOLLO,2025-05-29,179.5,20,27.2,118.0,69.0,3966.0,"Rank #20 of 873 by 6m-return/volatility | 6m +118%, vol ~69%/yr, 5y +3966%",147.2,-18% ->BE@+15%,210.6,179.5,2025-07-03,179.5,STOP_LOSS,"Stop-loss hit at 180; had peaked +17%, SL trailed to 180",-0.6
SOLARINDS,2025-05-29,16249.0,11,31.71,62.0,31.0,1738.0,"Rank #11 of 873 by 6m-return/volatility | 6m +62%, vol ~31%/yr, 5y +1738%",13324.2,-18%,17820.0,13324.2,2025-09-02,14018.0,RANK_DROP,Dropped out of top-25 (momentum faded); sold at close 14018,-14.3
KRISHANA,2025-05-29,382.4,14,30.09,84.0,44.0,n/a,"Rank #14 of 873 by 6m-return/volatility | 6m +84%, vol ~44%/yr",313.5,-18% ->BE@+15% ->20%-trail,525.0,420.0,2025-07-07,420.0,STOP_LOSS,"Stop-loss hit at 420; had peaked +37%, SL trailed to 420",9.2
KITEX,2025-06-30,215.0,5,151.23,500.0,52.0,1042.0,"Rank #5 of 916 by 6m-return/volatility | 6m +500%, vol ~52%/yr, 5y +1042%",176.3,-18%,232.3,176.3,2025-08-08,171.2,STOP_LOSS,"Stop-loss hit at 171; had peaked +8%, SL trailed to 176",-21.0
LLOYDSENT,2025-06-30,86.0,23,28.07,106.0,60.0,n/a,"Rank #23 of 916 by 6m-return/volatility | 6m +106%, vol ~60%/yr",70.5,-18%,92.9,70.5,2025-07-30,78.3,RANK_DROP,Dropped out of top-25 (momentum faded); sold at close 78,-9.6
JSWHL,2025-06-30,19432.8,8,53.23,259.0,77.0,1174.0,"Rank #8 of 916 by 6m-return/volatility | 6m +259%, vol ~77%/yr, 5y +1174%",15934.9,-18%,20403.3,15934.9,2025-09-02,17898.0,RANK_DROP,Dropped out of top-25 (momentum faded); sold at close 17898,-8.5
NH,2025-06-30,2170.4,16,34.01,66.0,31.0,667.0,"Rank #16 of 916 by 6m-return/volatility | 6m +66%, vol ~31%/yr, 5y +667%",1779.7,-18%,2201.3,1779.7,2025-07-30,1937.8,RANK_DROP,Dropped out of top-25 (momentum faded); sold at close 1938,-11.3
BEL,2025-06-30,399.3,24,27.38,50.0,29.0,1773.0,"Rank #24 of 916 by 6m-return/volatility | 6m +50%, vol ~29%/yr, 5y +1773%",327.4,-18%,413.0,327.4,2025-07-30,366.1,RANK_DROP,Dropped out of top-25 (momentum faded); sold at close 366,-8.9
SPMLINFRA,2025-06-30,233.9,10,48.53,165.0,54.0,-25.0,"Rank #10 of 916 by 6m-return/volatility | 6m +165%, vol ~54%/yr, 5y -25% (not over-extended)",191.8,-18% ->BE@+15%,289.4,233.9,2025-07-30,271.1,RANK_DROP,Dropped out of top-25 (momentum faded); sold at close 271,15.3
SUNDARMHLD,2025-06-30,534.2,21,29.23,81.0,44.0,991.0,"Rank #21 of 916 by 6m-return/volatility | 6m +81%, vol ~44%/yr, 5y +991%",438.0,-18%,539.4,438.0,2025-07-30,481.0,RANK_DROP,Dropped out of top-25 (momentum faded); sold at close 481,-10.5
GRMOVER,2025-06-30,118.8,19,30.76,91.0,47.0,n/a,"Rank #19 of 916 by 6m-return/volatility | 6m +91%, vol ~47%/yr",97.4,-18%,130.3,97.4,2025-09-02,121.3,RANK_DROP,Dropped out of top-25 (momentum faded); sold at close 121,1.5
SRM,2025-06-30,480.1,7,57.02,236.0,66.0,n/a,"Rank #7 of 916 by 6m-return/volatility | 6m +236%, vol ~66%/yr",393.7,-18%,511.9,393.7,2025-09-02,456.1,RANK_DROP,Dropped out of top-25 (momentum faded); sold at close 456,-5.6
FORCEMOT,2025-06-30,16077.0,15,35.93,134.0,59.0,830.0,"Rank #15 of 916 by 6m-return/volatility | 6m +134%, vol ~59%/yr, 5y +830%",13183.1,-18% ->BE@+15% ->20%-trail,21990.0,17592.0,2025-09-08,17592.0,STOP_LOSS,"Stop-loss hit at 17592; had peaked +37%, SL trailed to 17592",8.8
MFSL,2025-06-30,1647.1,14,37.26,49.0,21.0,239.0,"Rank #14 of 916 by 6m-return/volatility | 6m +49%, vol ~21%/yr, 5y +239%",1350.6,-18%,1674.8,1350.6,2025-10-03,1604.1,RANK_DROP,Dropped out of top-25 (momentum faded); sold at close 1604,-3.2
ANURAS,2025-06-30,1141.7,22,28.3,58.0,32.0,n/a,"Rank #22 of 916 by 6m-return/volatility | 6m +58%, vol ~32%/yr",936.2,-18%,1197.0,936.2,2025-11-06,1068.5,RANK_DROP,Dropped out of top-25 (momentum faded); sold at close 1068,-7.0
GALLANTT,2025-07-30,766.2,11,44.12,143.0,52.0,1826.0,"Rank #11 of 903 by 6m-return/volatility | 6m +143%, vol ~52%/yr, 5y +1826%",628.3,-18%,802.2,628.3,2025-08-18,628.3,STOP_LOSS,"Stop-loss hit at 628; had peaked +5%, SL trailed to 628",-18.6
POWERINDIA,2025-07-30,19991.4,23,31.19,92.0,47.0,2466.0,"Rank #23 of 903 by 6m-return/volatility | 6m +92%, vol ~47%/yr, 5y +2466%",16393.0,-18%,20927.4,16393.0,2025-09-02,18061.9,RANK_DROP,Dropped out of top-25 (momentum faded); sold at close 18062,-10.3
V2RETAIL,2025-07-30,199.2,8,49.32,118.0,38.0,-61.0,"Rank #8 of 903 by 6m-return/volatility | 6m +118%, vol ~38%/yr, 5y -61% (not over-extended)",163.3,-18%,204.2,163.3,2025-09-02,169.0,RANK_DROP,Dropped out of top-25 (momentum faded); sold at close 169,-15.8
LUMAXTECH,2025-07-30,1061.9,22,32.68,109.0,53.0,1042.0,"Rank #22 of 903 by 6m-return/volatility | 6m +109%, vol ~53%/yr, 5y +1042%",870.8,-18%,1197.5,870.8,2025-09-02,1075.6,RANK_DROP,Dropped out of top-25 (momentum faded); sold at close 1076,0.7
LUMAXIND,2025-07-30,3800.2,21,33.59,77.0,37.0,202.0,"Rank #21 of 903 by 6m-return/volatility | 6m +77%, vol ~37%/yr, 5y +202%",3116.1,-18%,4199.3,3116.1,2025-09-02,4019.5,RANK_DROP,Dropped out of top-25 (momentum faded); sold at close 4019,5.2
GODFRYPHLP,2025-07-30,3345.3,19,36.74,96.0,41.0,802.0,"Rank #19 of 903 by 6m-return/volatility | 6m +96%, vol ~41%/yr, 5y +802%",2743.1,-18% ->BE@+15%,4084.3,3345.3,2025-09-02,3583.8,RANK_DROP,Dropped out of top-25 (momentum faded); sold at close 3584,6.5
ITI,2025-07-30,294.0,6,50.73,136.0,43.0,493.0,"Rank #6 of 903 by 6m-return/volatility | 6m +136%, vol ~43%/yr, 5y +493%",241.0,-18%,333.2,241.0,2025-10-03,315.9,RANK_DROP,Dropped out of top-25 (momentum faded); sold at close 316,6.9
GABRIEL,2025-07-30,1049.8,18,38.57,147.0,61.0,1028.0,"Rank #18 of 903 by 6m-return/volatility | 6m +147%, vol ~61%/yr, 5y +1028%",860.9,-18% ->BE@+15%,1331.0,1049.8,2025-10-03,1289.8,RANK_DROP,Dropped out of top-25 (momentum faded); sold at close 1290,22.3
SMLISUZU,2025-07-30,3361.0,17,38.75,135.0,55.0,719.0,"Rank #17 of 903 by 6m-return/volatility | 6m +135%, vol ~55%/yr, 5y +719%",2756.0,-18% ->BE@+15% ->20%-trail,4743.0,3794.4,2025-09-04,3794.4,STOP_LOSS,"Stop-loss hit at 3794; had peaked +41%, SL trailed to 3794",12.3
MANGCHEFER,2025-07-30,352.1,12,44.0,105.0,38.0,912.0,"Rank #12 of 903 by 6m-return/volatility | 6m +105%, vol ~38%/yr, 5y +912%",288.7,-18%,373.2,288.7,2025-09-02,352.4,RANK_DROP,Dropped out of top-25 (momentum faded); sold at close 352,-0.5
TFCILTD,2025-07-30,55.3,14,39.91,90.0,36.0,752.0,"Rank #14 of 903 by 6m-return/volatility | 6m +90%, vol ~36%/yr, 5y +752%",45.4,-18% ->BE@+15% ->20%-trail,73.2,58.6,2025-12-08,61.1,RANK_DROP,Dropped out of top-25 (momentum faded); sold at close 61,9.9
CUPID,2025-07-30,34.2,13,42.43,115.0,43.0,1220.0,"Rank #13 of 903 by 6m-return/volatility | 6m +115%, vol ~43%/yr, 5y +1220%",28.1,-18% ->BE@+15% ->20%-trail,119.6,95.7,2026-01-02,95.7,STOP_LOSS,"Stop-loss hit at 96; had peaked +249%, SL trailed to 96",178.7
LIQUIDPLUS,2025-07-30,1043.5,3,222.56,3.0,0.0,n/a,"Rank #3 of 903 by 6m-return/volatility | 6m +3%, vol ~0%/yr",855.6,-18%,1085.0,855.6,2026-04-21,1081.9,OPEN,Still held (in top-25 currently),3.1
KITEX,2025-09-02,196.2,20,42.05,158.0,60.0,796.0,"Rank #20 of 875 by 6m-return/volatility | 6m +158%, vol ~60%/yr, 5y +796%",160.9,-18%,223.5,160.9,2025-10-03,188.0,RANK_DROP,Dropped out of top-25 (momentum faded); sold at close 188,-4.8
SYRMA,2025-09-02,760.3,24,39.81,79.0,32.0,n/a,"Rank #24 of 875 by 6m-return/volatility | 6m +79%, vol ~32%/yr",623.4,-18% ->BE@+15%,875.0,760.3,2025-10-03,828.5,RANK_DROP,Dropped out of top-25 (momentum faded); sold at close 828,8.4
YATHARTH,2025-09-02,730.1,17,43.32,84.0,31.0,n/a,"Rank #17 of 875 by 6m-return/volatility | 6m +84%, vol ~31%/yr",598.7,-18% ->BE@+15%,852.0,730.1,2025-10-03,774.1,RANK_DROP,Dropped out of top-25 (momentum faded); sold at close 774,5.4
PARADEEP,2025-09-02,212.8,21,41.72,121.0,46.0,n/a,"Rank #21 of 875 by 6m-return/volatility | 6m +121%, vol ~46%/yr",174.5,-18%,216.0,174.5,2025-09-12,174.5,STOP_LOSS,"Stop-loss hit at 174; had peaked +2%, SL trailed to 174",-18.6
CENTUM,2025-09-02,2769.6,25,39.13,120.0,49.0,1177.0,"Rank #25 of 875 by 6m-return/volatility | 6m +120%, vol ~49%/yr, 5y +1177%",2271.1,-18%,3044.0,2271.1,2025-10-03,2459.2,RANK_DROP,Dropped out of top-25 (momentum faded); sold at close 2459,-11.8
AIIL,2025-09-02,685.4,15,47.24,112.0,38.0,n/a,"Rank #15 of 875 by 6m-return/volatility | 6m +112%, vol ~38%/yr",562.0,-18%,710.2,562.0,2025-10-03,687.8,RANK_DROP,Dropped out of top-25 (momentum faded); sold at close 688,-0.2
DELHIVERY,2025-09-02,487.5,16,45.83,80.0,28.0,n/a,"Rank #16 of 875 by 6m-return/volatility | 6m +80%, vol ~28%/yr",399.8,-18%,506.0,399.8,2025-11-06,457.1,RANK_DROP,Dropped out of top-25 (momentum faded); sold at close 457,-6.8
APOLLO,2025-09-02,278.4,18,43.1,151.0,56.0,6397.0,"Rank #18 of 875 by 6m-return/volatility | 6m +151%, vol ~56%/yr, 5y +6397%",228.3,-18% ->BE@+15%,337.4,278.4,2025-10-15,278.4,STOP_LOSS,"Stop-loss hit at 278; had peaked +21%, SL trailed to 278",-0.6
GVT&D,2025-09-02,2752.9,19,42.21,92.0,35.0,n/a,"Rank #19 of 875 by 6m-return/volatility | 6m +92%, vol ~35%/yr",2257.4,-18% ->BE@+15%,3323.8,2752.9,2025-12-05,2752.9,STOP_LOSS,"Stop-loss hit at 2753; had peaked +21%, SL trailed to 2753",-0.6
SIRCA,2025-09-02,464.6,13,49.78,69.0,22.0,359.0,"Rank #13 of 875 by 6m-return/volatility | 6m +69%, vol ~22%/yr, 5y +359%",381.0,-18% ->BE@+15%,539.0,464.6,2025-12-08,464.6,STOP_LOSS,"Stop-loss hit at 465; had peaked +16%, SL trailed to 465",-0.6
POLYCAB,2025-10-03,7393.0,22,38.87,45.0,18.0,759.0,"Rank #22 of 930 by 6m-return/volatility | 6m +45%, vol ~18%/yr, 5y +759%",6062.3,-18%,7903.0,6062.3,2025-11-06,7591.5,RANK_DROP,Dropped out of top-25 (momentum faded); sold at close 7592,2.1
NETWEB,2025-10-03,4532.7,18,44.61,185.0,66.0,n/a,"Rank #18 of 930 by 6m-return/volatility | 6m +185%, vol ~66%/yr",3716.8,-18%,4708.3,3716.8,2025-11-06,3716.8,STOP_LOSS,"Stop-loss hit at 3717; had peaked +4%, SL trailed to 3717",-18.6
FEDFINA,2025-10-03,144.1,25,36.52,81.0,35.0,n/a,"Rank #25 of 930 by 6m-return/volatility | 6m +81%, vol ~35%/yr",118.1,-18%,155.1,118.1,2025-11-06,127.1,RANK_DROP,Dropped out of top-25 (momentum faded); sold at close 127,-12.4
IMFA,2025-10-03,1170.3,24,38.1,87.0,36.0,1607.0,"Rank #24 of 930 by 6m-return/volatility | 6m +87%, vol ~36%/yr, 5y +1607%",959.6,-18%,1275.0,959.6,2025-11-06,1129.0,RANK_DROP,Dropped out of top-25 (momentum faded); sold at close 1129,-4.1
LUMAXTECH,2025-10-03,1243.9,23,38.31,140.0,58.0,1215.0,"Rank #23 of 930 by 6m-return/volatility | 6m +140%, vol ~58%/yr, 5y +1215%",1020.0,-18%,1259.6,1020.0,2025-11-06,1103.1,RANK_DROP,Dropped out of top-25 (momentum faded); sold at close 1103,-11.9
BANCOINDIA,2025-10-03,848.0,19,43.87,146.0,53.0,1829.0,"Rank #19 of 930 by 6m-return/volatility | 6m +146%, vol ~53%/yr, 5y +1829%",695.3,-18%,879.8,695.3,2025-11-06,794.3,RANK_DROP,Dropped out of top-25 (momentum faded); sold at close 794,-6.9
INDOTHAI,2025-10-03,266.3,10,56.88,186.0,52.0,1294.0,"Rank #10 of 930 by 6m-return/volatility | 6m +186%, vol ~52%/yr, 5y +1294%",218.4,-18% ->BE@+15%,343.6,266.3,2026-01-05,254.2,STOP_LOSS,"Stop-loss hit at 254; had peaked +29%, SL trailed to 266",-5.1
QPOWER,2025-10-03,1075.4,9,60.41,232.0,61.0,n/a,"Rank #9 of 930 by 6m-return/volatility | 6m +232%, vol ~61%/yr",881.8,-18%,1093.7,881.8,2025-11-10,881.8,STOP_LOSS,"Stop-loss hit at 882; had peaked +2%, SL trailed to 882",-18.6
KERNEX,2025-10-03,1078.7,14,48.7,184.0,60.0,35.0,"Rank #14 of 930 by 6m-return/volatility | 6m +184%, vol ~60%/yr, 5y +35% (not over-extended)",884.6,-18% ->BE@+15%,1365.4,1078.7,2025-11-28,1078.7,STOP_LOSS,"Stop-loss hit at 1079; had peaked +27%, SL trailed to 1079",-0.6
LTF,2025-10-03,262.3,16,46.93,74.0,25.0,n/a,"Rank #16 of 930 by 6m-return/volatility | 6m +74%, vol ~25%/yr",215.1,-18% ->BE@+15%,329.4,262.3,2026-01-08,307.3,RANK_DROP,Dropped out of top-25 (momentum faded); sold at close 307,16.5
CASHIETF,2025-10-03,1031.0,4,198.02,3.0,0.0,n/a,"Rank #4 of 930 by 6m-return/volatility | 6m +3%, vol ~0%/yr",845.4,-18%,1064.6,845.4,2026-04-21,1058.7,OPEN,Still held (in top-25 currently),2.1
SBC,2025-10-03,22.2,15,48.42,78.0,26.0,n/a,"Rank #15 of 930 by 6m-return/volatility | 6m +78%, vol ~26%/yr",18.2,-18% ->BE@+15% ->20%-trail,34.1,27.3,2026-04-21,34.0,OPEN,Still held (in top-25 currently),52.3
CUMMINSIND,2025-11-06,4316.1,14,45.22,52.0,18.0,855.0,"Rank #14 of 894 by 6m-return/volatility | 6m +52%, vol ~18%/yr, 5y +855%",3539.2,-18%,4574.0,3539.2,2025-12-08,4467.0,RANK_DROP,Dropped out of top-25 (momentum faded); sold at close 4467,2.9
ABDL,2025-11-06,642.1,16,41.24,98.0,38.0,n/a,"Rank #16 of 894 by 6m-return/volatility | 6m +98%, vol ~38%/yr",526.5,-18%,679.8,526.5,2025-12-08,607.6,RANK_DROP,Dropped out of top-25 (momentum faded); sold at close 608,-6.0
GABRIEL,2025-11-06,1223.0,18,40.22,110.0,44.0,1196.0,"Rank #18 of 894 by 6m-return/volatility | 6m +110%, vol ~44%/yr, 5y +1196%",1002.9,-18%,1290.0,1002.9,2025-11-18,1002.9,STOP_LOSS,"Stop-loss hit at 1003; had peaked +5%, SL trailed to 1003",-18.6
GARUDA,2025-11-06,235.9,15,41.54,155.0,59.0,n/a,"Rank #15 of 894 by 6m-return/volatility | 6m +155%, vol ~59%/yr",193.4,-18%,249.3,193.4,2025-12-08,200.0,RANK_DROP,Dropped out of top-25 (momentum faded); sold at close 200,-15.8
SJS,2025-11-06,1709.2,25,34.87,82.0,37.0,n/a,"Rank #25 of 894 by 6m-return/volatility | 6m +82%, vol ~37%/yr",1401.5,-18%,1814.0,1401.5,2025-12-08,1661.3,RANK_DROP,Dropped out of top-25 (momentum faded); sold at close 1661,-3.4
ANANDRATHI,2025-11-06,1565.8,13,46.38,83.0,28.0,n/a,"Rank #13 of 894 by 6m-return/volatility | 6m +83%, vol ~28%/yr",1284.0,-18%,1588.8,1284.0,2025-12-08,1432.2,RANK_DROP,Dropped out of top-25 (momentum faded); sold at close 1432,-9.1
BAJAJCON,2025-11-06,275.7,23,36.56,78.0,34.0,57.0,"Rank #23 of 894 by 6m-return/volatility | 6m +78%, vol ~34%/yr, 5y +57% (not over-extended)",226.1,-18%,283.7,226.1,2025-12-08,238.3,RANK_DROP,Dropped out of top-25 (momentum faded); sold at close 238,-14.2
HBLENGINE,2025-11-06,966.1,21,37.37,102.0,43.0,n/a,"Rank #21 of 894 by 6m-return/volatility | 6m +102%, vol ~43%/yr",792.2,-18% ->BE@+15%,1122.0,966.1,2025-11-13,966.1,STOP_LOSS,"Stop-loss hit at 966; had peaked +16%, SL trailed to 966",-0.6
INDIANB,2025-11-06,800.7,19,39.76,55.0,22.0,1408.0,"Rank #19 of 894 by 6m-return/volatility | 6m +55%, vol ~22%/yr, 5y +1408%",656.6,-18%,827.6,656.6,2025-12-08,720.5,RANK_DROP,Dropped out of top-25 (momentum faded); sold at close 721,-10.6
ATALREAL,2025-11-06,24.7,7,79.69,200.0,40.0,n/a,"Rank #7 of 894 by 6m-return/volatility | 6m +200%, vol ~40%/yr",20.3,-18%,25.3,20.3,2025-11-18,20.3,STOP_LOSS,"Stop-loss hit at 20; had peaked +2%, SL trailed to 20",-18.6
LAURUSLABS,2025-11-06,944.5,24,36.1,60.0,27.0,195.0,"Rank #24 of 894 by 6m-return/volatility | 6m +60%, vol ~27%/yr, 5y +195% (not over-extended)",774.5,-18% ->BE@+15%,1099.9,944.5,2026-01-29,944.5,STOP_LOSS,"Stop-loss hit at 944; had peaked +16%, SL trailed to 944",-0.6
INTERARCH,2025-12-08,2413.4,23,28.11,66.0,37.0,n/a,"Rank #23 of 870 by 6m-return/volatility | 6m +66%, vol ~37%/yr",1979.0,-18%,2644.6,1979.0,2026-01-08,2219.1,RANK_DROP,Dropped out of top-25 (momentum faded); sold at close 2219,-8.7
IZMO,2025-12-08,589.3,10,41.16,209.0,81.0,1463.0,"Rank #10 of 870 by 6m-return/volatility | 6m +209%, vol ~81%/yr, 5y +1463%",483.2,-18% ->BE@+15%,678.3,589.3,2025-12-18,589.3,STOP_LOSS,"Stop-loss hit at 589; had peaked +15%, SL trailed to 589",-0.6
JSWHL,2025-12-08,20390.0,9,44.89,114.0,40.0,1550.0,"Rank #9 of 870 by 6m-return/volatility | 6m +114%, vol ~40%/yr, 5y +1550%",16719.8,-18%,22550.0,16719.8,2026-01-08,19025.0,RANK_DROP,Dropped out of top-25 (momentum faded); sold at close 19025,-7.3
IFBAGRO,2025-12-08,1135.1,17,29.79,137.0,73.0,311.0,"Rank #17 of 870 by 6m-return/volatility | 6m +137%, vol ~73%/yr, 5y +311%",930.8,-18% ->BE@+15% ->20%-trail,1700.6,1360.4,2026-01-08,1665.6,RANK_DROP,Dropped out of top-25 (momentum faded); sold at close 1666,46.1
HEROMOTOCO,2025-12-08,6167.0,13,33.67,44.0,21.0,107.0,"Rank #13 of 870 by 6m-return/volatility | 6m +44%, vol ~21%/yr, 5y +107% (not over-extended)",5056.9,-18%,6167.0,5056.9,2026-01-08,5850.0,RANK_DROP,Dropped out of top-25 (momentum faded); sold at close 5850,-5.7
GRMOVER,2025-12-08,152.3,18,29.43,59.0,32.0,n/a,"Rank #18 of 870 by 6m-return/volatility | 6m +59%, vol ~32%/yr",124.9,-18% ->BE@+15%,185.4,152.3,2026-01-08,169.8,RANK_DROP,Dropped out of top-25 (momentum faded); sold at close 170,10.9
MUTHOOTFIN,2025-12-08,3443.9,16,30.47,54.0,28.0,232.0,"Rank #16 of 870 by 6m-return/volatility | 6m +54%, vol ~28%/yr, 5y +232%",2824.0,-18%,3644.0,2824.0,2026-01-08,3515.2,RANK_DROP,Dropped out of top-25 (momentum faded); sold at close 3515,1.5
ABCAPITAL,2025-12-08,346.0,14,33.19,53.0,25.0,330.0,"Rank #14 of 870 by 6m-return/volatility | 6m +53%, vol ~25%/yr, 5y +330%",283.7,-18%,357.8,283.7,2026-01-08,347.4,RANK_DROP,Dropped out of top-25 (momentum faded); sold at close 347,-0.2
TEMBO,2025-12-08,706.2,15,32.93,101.0,49.0,n/a,"Rank #15 of 870 by 6m-return/volatility | 6m +101%, vol ~49%/yr",579.1,-18%,792.4,579.1,2026-01-01,578.8,STOP_LOSS,"Stop-loss hit at 579; had peaked +12%, SL trailed to 579",-18.6
LUMAXIND,2025-12-08,5422.5,22,28.3,80.0,45.0,304.0,"Rank #22 of 870 by 6m-return/volatility | 6m +80%, vol ~45%/yr, 5y +304%",4446.4,-18%,5661.3,4446.4,2026-01-08,5337.2,RANK_DROP,Dropped out of top-25 (momentum faded); sold at close 5337,-2.2
VSTTILLERS,2025-12-08,5535.0,25,27.36,46.0,27.0,182.0,"Rank #25 of 870 by 6m-return/volatility | 6m +46%, vol ~27%/yr, 5y +182% (not over-extended)",4538.7,-18% ->BE@+15%,6374.0,5535.0,2026-01-08,5919.5,RANK_DROP,Dropped out of top-25 (momentum faded); sold at close 5920,6.3
MARUTI,2025-12-08,16187.0,21,28.47,30.0,17.0,119.0,"Rank #21 of 870 by 6m-return/volatility | 6m +30%, vol ~17%/yr, 5y +119% (not over-extended)",13273.3,-18%,17370.0,13273.3,2026-02-11,15412.0,RANK_DROP,Dropped out of top-25 (momentum faded); sold at close 15412,-5.4
SILVER1,2025-12-08,16.0,24,27.41,67.0,39.0,n/a,"Rank #24 of 870 by 6m-return/volatility | 6m +67%, vol ~39%/yr",13.1,-18% ->BE@+15% ->20%-trail,28.4,22.7,2026-01-22,22.7,STOP_LOSS,"Stop-loss hit at 23; had peaked +78%, SL trailed to 23",41.6
SILVERIETF,2025-12-08,160.2,20,28.55,67.0,37.0,n/a,"Rank #20 of 870 by 6m-return/volatility | 6m +67%, vol ~37%/yr",131.3,-18% ->BE@+15% ->20%-trail,293.9,235.1,2026-01-22,235.1,STOP_LOSS,"Stop-loss hit at 235; had peaked +84%, SL trailed to 235",46.2
SILVERADD,2026-01-08,202.8,11,43.81,116.0,42.0,n/a,"Rank #11 of 812 by 6m-return/volatility | 6m +116%, vol ~42%/yr",166.3,-18% ->BE@+15% ->20%-trail,350.3,280.3,2026-01-30,280.3,STOP_LOSS,"Stop-loss hit at 280; had peaked +73%, SL trailed to 280",37.6
SILVER,2026-01-08,205.1,17,38.28,115.0,48.0,n/a,"Rank #17 of 812 by 6m-return/volatility | 6m +115%, vol ~48%/yr",168.2,-18% ->BE@+15% ->20%-trail,303.0,242.4,2026-01-22,242.4,STOP_LOSS,"Stop-loss hit at 242; had peaked +48%, SL trailed to 242",17.6
INFOBEAN,2026-01-08,256.1,19,37.13,152.0,65.0,804.0,"Rank #19 of 812 by 6m-return/volatility | 6m +152%, vol ~65%/yr, 5y +804%",210.0,-18%,262.2,210.0,2026-01-16,210.0,STOP_LOSS,"Stop-loss hit at 210; had peaked +2%, SL trailed to 210",-18.6
SBISILVER,2026-01-08,208.8,12,41.26,115.0,44.0,n/a,"Rank #12 of 812 by 6m-return/volatility | 6m +115%, vol ~44%/yr",171.2,-18% ->BE@+15% ->20%-trail,292.7,234.2,2026-01-22,234.2,STOP_LOSS,"Stop-loss hit at 234; had peaked +40%, SL trailed to 234",11.6
SILVERTUC,2026-01-08,177.4,21,35.83,119.0,53.0,n/a,"Rank #21 of 812 by 6m-return/volatility | 6m +119%, vol ~53%/yr",145.5,-18%,186.3,145.5,2026-01-29,145.5,STOP_LOSS,"Stop-loss hit at 146; had peaked +5%, SL trailed to 146",-18.6
JAYNECOIND,2026-01-08,82.0,18,37.63,120.0,51.0,2609.0,"Rank #18 of 812 by 6m-return/volatility | 6m +120%, vol ~51%/yr, 5y +2609%",67.2,-18%,88.0,67.2,2026-02-11,80.1,RANK_DROP,Dropped out of top-25 (momentum faded); sold at close 80,-2.9
AXISILVER,2026-01-08,206.7,14,39.13,115.0,47.0,n/a,"Rank #14 of 812 by 6m-return/volatility | 6m +115%, vol ~47%/yr",169.5,-18% ->BE@+15% ->20%-trail,287.3,229.9,2026-01-22,229.9,STOP_LOSS,"Stop-loss hit at 230; had peaked +39%, SL trailed to 230",10.6
SILVERBEES,2026-01-08,197.0,13,40.37,115.0,45.0,n/a,"Rank #13 of 812 by 6m-return/volatility | 6m +115%, vol ~45%/yr",161.6,-18% ->BE@+15% ->20%-trail,275.0,220.0,2026-01-22,220.0,STOP_LOSS,"Stop-loss hit at 220; had peaked +40%, SL trailed to 220",11.1
TATSILV,2026-01-08,20.4,15,39.04,115.0,47.0,n/a,"Rank #15 of 812 by 6m-return/volatility | 6m +115%, vol ~47%/yr",16.7,-18% ->BE@+15% ->20%-trail,30.6,24.5,2026-01-22,24.5,STOP_LOSS,"Stop-loss hit at 24; had peaked +50%, SL trailed to 24",19.4
ASIANTILES,2026-01-08,71.6,25,33.05,72.0,34.0,-75.0,"Rank #25 of 812 by 6m-return/volatility | 6m +72%, vol ~34%/yr, 5y -75% (not over-extended)",58.7,-18%,76.4,58.7,2026-03-16,62.5,RANK_DROP,Dropped out of top-25 (momentum faded); sold at close 62,-13.4
SILVERCASE,2026-01-08,20.2,16,38.85,115.0,47.0,n/a,"Rank #16 of 812 by 6m-return/volatility | 6m +115%, vol ~47%/yr",16.6,-18% ->BE@+15% ->20%-trail,28.1,22.5,2026-01-22,22.5,STOP_LOSS,"Stop-loss hit at 22; had peaked +39%, SL trailed to 22",10.5
HDFCSILVER,2026-01-08,190.4,20,36.19,115.0,50.0,n/a,"Rank #20 of 812 by 6m-return/volatility | 6m +115%, vol ~50%/yr",156.1,-18% ->BE@+15% ->20%-trail,268.4,214.7,2026-01-22,214.7,STOP_LOSS,"Stop-loss hit at 215; had peaked +41%, SL trailed to 215",12.2
NATIONALUM,2026-01-08,306.5,24,33.78,76.0,36.0,725.0,"Rank #24 of 812 by 6m-return/volatility | 6m +76%, vol ~36%/yr, 5y +725%",251.3,-18% ->BE@+15% ->20%-trail,440.0,352.0,2026-04-21,423.0,OPEN,Still held (in top-25 currently),37.4
APLAPOLLO,2026-02-11,2280.8,25,31.1,43.0,22.0,360.0,"Rank #25 of 873 by 6m-return/volatility | 6m +43%, vol ~22%/yr, 5y +360%",1870.3,-18%,2301.4,1870.3,2026-03-16,1893.7,RANK_DROP,Dropped out of top-25 (momentum faded); sold at close 1894,-17.6
SILVER360,2026-02-11,253.2,22,33.71,161.0,76.0,n/a,"Rank #22 of 873 by 6m-return/volatility | 6m +161%, vol ~76%/yr",207.6,-18%,284.0,207.6,2026-03-16,240.3,RANK_DROP,Dropped out of top-25 (momentum faded); sold at close 240,-5.7
ASHOKLEY,2026-02-11,206.4,9,43.72,79.0,29.0,280.0,"Rank #9 of 873 by 6m-return/volatility | 6m +79%, vol ~29%/yr, 5y +280%",169.2,-18%,214.1,169.2,2026-03-16,169.2,STOP_LOSS,"Stop-loss hit at 169; had peaked +4%, SL trailed to 169",-18.6
INDUSTOWER,2026-02-11,467.0,23,32.61,46.0,23.0,99.0,"Rank #23 of 873 by 6m-return/volatility | 6m +46%, vol ~23%/yr, 5y +99% (not over-extended)",383.0,-18%,481.5,383.0,2026-03-16,427.1,RANK_DROP,Dropped out of top-25 (momentum faded); sold at close 427,-9.2
BANKINDIA,2026-02-11,167.1,18,34.2,63.0,29.0,258.0,"Rank #18 of 873 by 6m-return/volatility | 6m +63%, vol ~29%/yr, 5y +258%",137.0,-18%,178.4,137.0,2026-03-16,150.7,RANK_DROP,Dropped out of top-25 (momentum faded); sold at close 151,-10.4
JKTYRE,2026-02-11,604.9,8,49.41,94.0,30.0,444.0,"Rank #8 of 873 by 6m-return/volatility | 6m +94%, vol ~30%/yr, 5y +444%",496.0,-18%,606.3,496.0,2026-03-02,443.6,STOP_LOSS,"Stop-loss hit at 444; had peaked +0%, SL trailed to 496",-27.3
ATALREAL,2026-02-11,26.6,14,40.93,84.0,32.0,n/a,"Rank #14 of 873 by 6m-return/volatility | 6m +84%, vol ~32%/yr",21.8,-18%,27.4,21.8,2026-03-05,21.8,STOP_LOSS,"Stop-loss hit at 22; had peaked +3%, SL trailed to 22",-18.6
PSUBNKBEES,2026-02-11,102.8,20,33.82,42.0,20.0,421.0,"Rank #20 of 873 by 6m-return/volatility | 6m +42%, vol ~20%/yr, 5y +421%",84.3,-18%,110.4,84.3,2026-03-16,95.2,RANK_DROP,Dropped out of top-25 (momentum faded); sold at close 95,-8.0
SHRIRAMFIN,2026-02-11,1056.8,15,38.65,68.0,28.0,n/a,"Rank #15 of 873 by 6m-return/volatility | 6m +68%, vol ~28%/yr",866.6,-18%,1108.0,866.6,2026-04-02,866.6,STOP_LOSS,"Stop-loss hit at 867; had peaked +5%, SL trailed to 867",-18.6
HINDCOPPER,2026-02-11,603.7,11,42.82,186.0,69.0,974.0,"Rank #11 of 873 by 6m-return/volatility | 6m +186%, vol ~69%/yr, 5y +974%",495.0,-18%,628.7,495.0,2026-03-13,495.0,STOP_LOSS,"Stop-loss hit at 495; had peaked +4%, SL trailed to 495",-18.6
SBIN,2026-02-11,1182.9,13,41.28,55.0,21.0,324.0,"Rank #13 of 873 by 6m-return/volatility | 6m +55%, vol ~21%/yr, 5y +324%",970.0,-18%,1234.7,970.0,2026-04-21,1111.8,RANK_DROP,Dropped out of top-25 (momentum faded); sold at close 1112,-6.6
MTARTECH,2026-02-11,3551.8,10,43.51,127.0,46.0,n/a,"Rank #10 of 873 by 6m-return/volatility | 6m +127%, vol ~46%/yr",2912.5,-18% ->BE@+15% ->20%-trail,5165.9,4132.7,2026-04-21,5071.1,OPEN,Still held (in top-25 currently),42.2
INDOTHAI,2026-02-11,265.3,12,42.34,148.0,55.0,1143.0,"Rank #12 of 873 by 6m-return/volatility | 6m +148%, vol ~55%/yr, 5y +1143%",217.5,-18% ->BE@+15%,320.0,265.3,2026-04-21,306.6,OPEN,Still held (in top-25 currently),15.0
SILVER,2026-03-16,243.6,25,22.23,122.0,87.0,n/a,"Rank #25 of 874 by 6m-return/volatility | 6m +122%, vol ~87%/yr",199.7,-18%,255.5,199.7,2026-03-23,199.7,STOP_LOSS,"Stop-loss hit at 200; had peaked +5%, SL trailed to 200",-18.6
SILVERBEES,2026-03-16,233.5,21,22.89,122.0,85.0,n/a,"Rank #21 of 874 by 6m-return/volatility | 6m +122%, vol ~85%/yr",191.5,-18%,245.0,191.5,2026-03-23,191.5,STOP_LOSS,"Stop-loss hit at 191; had peaked +5%, SL trailed to 191",-18.6
SILVERIETF,2026-03-16,243.6,24,22.26,118.0,84.0,n/a,"Rank #24 of 874 by 6m-return/volatility | 6m +118%, vol ~84%/yr",199.8,-18%,256.7,199.8,2026-03-23,199.8,STOP_LOSS,"Stop-loss hit at 200; had peaked +5%, SL trailed to 200",-18.6
ESILVER,2026-03-16,244.4,23,22.55,120.0,85.0,n/a,"Rank #23 of 874 by 6m-return/volatility | 6m +120%, vol ~85%/yr",200.4,-18%,255.6,200.4,2026-03-23,200.4,STOP_LOSS,"Stop-loss hit at 200; had peaked +5%, SL trailed to 200",-18.6
VENUSREM,2026-03-16,911.8,7,54.74,197.0,57.0,1763.0,"Rank #7 of 874 by 6m-return/volatility | 6m +197%, vol ~57%/yr, 5y +1763%",747.6,-18% ->BE@+15%,1088.8,911.8,2026-04-21,1024.0,RANK_DROP,Dropped out of top-25 (momentum faded); sold at close 1024,11.7
AXISILVER,2026-03-16,242.4,22,22.61,120.0,84.0,n/a,"Rank #22 of 874 by 6m-return/volatility | 6m +120%, vol ~84%/yr",198.8,-18%,257.4,198.8,2026-03-23,198.8,STOP_LOSS,"Stop-loss hit at 199; had peaked +6%, SL trailed to 199",-18.6
KIRLOSENG,2026-03-16,1470.2,15,27.11,66.0,38.0,844.0,"Rank #15 of 874 by 6m-return/volatility | 6m +66%, vol ~38%/yr, 5y +844%",1205.6,-18%,1687.5,1205.6,2026-04-21,1663.3,OPEN,Still held (in top-25 currently),12.5
BHARATFORG,2026-03-16,1697.0,18,24.42,48.0,31.0,204.0,"Rank #18 of 874 by 6m-return/volatility | 6m +48%, vol ~31%/yr, 5y +204%",1391.5,-18%,1915.0,1391.5,2026-04-21,1895.8,OPEN,Still held (in top-25 currently),11.1
MCX,2026-03-16,2555.6,11,33.73,88.0,42.0,855.0,"Rank #11 of 874 by 6m-return/volatility | 6m +88%, vol ~42%/yr, 5y +855%",2095.6,-18%,2903.0,2095.6,2026-04-21,2825.6,OPEN,Still held (in top-25 currently),10.0
VEDL,2026-03-16,240.7,16,25.82,64.0,40.0,242.0,"Rank #16 of 874 by 6m-return/volatility | 6m +64%, vol ~40%/yr, 5y +242%",197.3,-18% ->BE@+15%,279.1,240.7,2026-04-21,269.2,OPEN,Still held (in top-25 currently),11.2
SEAMECLTD,2026-04-21,1519.1,17,31.29,73.0,37.0,340.0,"Rank #17 of 960 by 6m-return/volatility | 6m +73%, vol ~37%/yr, 5y +340%",1245.7,-18%,1519.1,1245.7,2026-04-21,1519.1,OPEN,Still held (in top-25 currently),-0.6
SOUTHWEST,2026-04-21,241.6,11,39.94,164.0,65.0,3373.0,"Rank #11 of 960 by 6m-return/volatility | 6m +164%, vol ~65%/yr, 5y +3373%",198.1,-18%,241.6,198.1,2026-04-21,241.6,OPEN,Still held (in top-25 currently),-0.6
PFOCUS,2026-04-21,328.2,23,25.17,94.0,59.0,852.0,"Rank #23 of 960 by 6m-return/volatility | 6m +94%, vol ~59%/yr, 5y +852%",269.1,-18%,328.2,269.1,2026-04-21,328.2,OPEN,Still held (in top-25 currently),-0.6
THANGAMAYL,2026-04-21,4127.9,15,32.04,112.0,55.0,1250.0,"Rank #15 of 960 by 6m-return/volatility | 6m +112%, vol ~55%/yr, 5y +1250%",3384.9,-18%,4127.9,3384.9,2026-04-21,4127.9,OPEN,Still held (in top-25 currently),-0.6
CUPID,2026-04-21,109.9,19,27.01,94.0,55.0,3495.0,"Rank #19 of 960 by 6m-return/volatility | 6m +94%, vol ~55%/yr, 5y +3495%",90.1,-18%,109.9,90.1,2026-04-21,109.9,OPEN,Still held (in top-25 currently),-0.6
POWERINDIA,2026-04-21,29890.0,20,26.03,75.0,46.0,2350.0,"Rank #20 of 960 by 6m-return/volatility | 6m +75%, vol ~46%/yr, 5y +2350%",24509.8,-18%,29890.0,24509.8,2026-04-21,29890.0,OPEN,Still held (in top-25 currently),-0.6
AONELIQUID,2026-04-21,1056.1,5,182.98,3.0,0.0,n/a,"Rank #5 of 960 by 6m-return/volatility | 6m +3%, vol ~0%/yr",866.0,-18%,1056.1,866.0,2026-04-21,1056.1,OPEN,Still held (in top-25 currently),-0.6
TDPOWERSYS,2026-04-21,1017.5,24,24.97,71.0,45.0,3107.0,"Rank #24 of 960 by 6m-return/volatility | 6m +71%, vol ~45%/yr, 5y +3107%",834.3,-18%,1017.5,834.3,2026-04-21,1017.5,OPEN,Still held (in top-25 currently),-0.6
AXISCADES,2026-04-21,1916.7,16,31.64,112.0,56.0,1852.0,"Rank #16 of 960 by 6m-return/volatility | 6m +112%, vol ~56%/yr, 5y +1852%",1571.7,-18%,1916.7,1571.7,2026-04-21,1916.7,OPEN,Still held (in top-25 currently),-0.6
NACLIND,2026-04-21,168.8,9,59.78,225.0,60.0,396.0,"Rank #9 of 960 by 6m-return/volatility | 6m +225%, vol ~60%/yr, 5y +396%",138.4,-18%,168.8,138.4,2026-04-21,168.8,OPEN,Still held (in top-25 currently),-0.6
AVANTIFEED,2026-04-21,1463.0,25,24.78,119.0,76.0,244.0,"Rank #25 of 960 by 6m-return/volatility | 6m +119%, vol ~76%/yr, 5y +244%",1199.7,-18%,1463.0,1199.7,2026-04-21,1463.0,OPEN,Still held (in top-25 currently),-0.6
